date,temp_mean,temp_min,temp_max,rain_mm,pressure_early,pressure_late,wind_mean,wind_max,wind_dir,sun_hours,sunrise,sunset,daylength,daylength_difference,at_start,at_end,nt_start,nt_end,ct_start,ct_end,sn_time,sn_mil_km
2012-01-01,2.5,3,3.4,0.3,988,991,6.7,30,SSW,3.56,08:43:00,15:48:00,0 days 07:04:53,,06:22:00,18:09:00,07:08:00,17:24:00,07:56:00,16:35:00,12:16:00,147.102
2012-01-02,-0.1,-0.1,3.4,6.6,960,991,7.8,29,SSW,,08:43:00,15:49:00,0 days 07:06:20,,06:22:00,18:10:00,07:08:00,17:25:00,07:56:00,16:36:00,12:16:00,147.1
2012-01-03,1.6,0.5,3.2,6.4,960,991,8.8,38,W,,08:43:00,15:51:00,0 days 07:07:55,,06:22:00,18:11:00,07:08:00,17:26:00,07:56:00,16:37:00,12:17:00,147.098
2012-01-04,1.4,0.5,3.1,15.4,1000,980,9.2,33,WSW,0,08:42:00,15:52:00,0 days 07:09:37,,06:22:00,18:12:00,07:07:00,17:27:00,07:56:00,16:38:00,12:17:00,147.097
2012-01-05,0.7,-1.4,1.9,2.7,993,1015,7.3,31,W,0.78,08:42:00,15:53:00,0 days 07:11:26,,06:22:00,18:13:00,07:07:00,17:28:00,07:56:00,16:40:00,12:17:00,147.097
2012-01-06,2.3,-1.4,7.6,1.4,1007 ,1019,5.6,27,SSW,0.48,08:41:00,15:55:00,0 days 07:13:23,,06:22:00,18:14:00,07:07:00,17:29:00,07:55:00,16:41:00,12:18:00,147.098
2012-01-07,3.6,-1.3,5.9,2.6,1010,1016,9.8,30,WSW,0.15,08:41:00,15:56:00,0 days 07:15:26,,06:21:00,18:16:00,07:07:00,17:30:00,07:55:00,16:42:00,12:18:00,147.1
2012-01-08,5.5,3.4,9.5,1.4,1020,1016,7.3,32,SSW,0,08:40:00,15:58:00,0 days 07:17:37,,06:21:00,18:17:00,07:06:00,17:32:00,07:54:00,16:44:00,12:19:00,147.103
2012-01-09,4.3,4.5,7.9,0.1,1019 ,1022,8,36,SSW,3.91,08:39:00,15:59:00,0 days 07:19:54,,06:21:00,18:18:00,07:06:00,17:33:00,07:54:00,16:45:00,12:19:00,147.107
2012-01-10,6.4,0.2,8.7,0.2,1021,1019,9.5,32,SSW,0.37,08:39:00,16:01:00,0 days 07:22:17,,06:20:00,18:19:00,07:05:00,17:34:00,07:53:00,16:46:00,12:20:00,147.111
2012-01-11,6.1,2.5,10.5,6.3,1024 ,1010,10.8,47,SSW,1.92,08:38:00,16:03:00,0 days 07:24:47,,06:20:00,18:21:00,07:05:00,17:36:00,07:52:00,16:48:00,12:20:00,147.117
2012-01-12,4.8,2.7,5.1,2.0,1019,1027,7.8,36,WSW,1.73,08:37:00,16:04:00,0 days 07:27:23,,06:19:00,18:22:00,07:04:00,17:37:00,07:52:00,16:49:00,12:20:00,147.123
2012-01-13,-1,-2.4,1.4,0.0,1034,1032,0.2,7,SSW,4.94,08:36:00,16:06:00,0 days 07:30:04,,06:19:00,18:23:00,07:03:00,17:39:00,07:51:00,16:51:00,12:21:00,147.131
2012-01-14,-1.8,-5.6,1.2,0.0,1025,1024,0.1,2,S,4.28,08:35:00,16:08:00,0 days 07:32:52,,06:18:00,18:25:00,07:03:00,17:40:00,07:50:00,16:53:00,12:21:00,147.139
2012-01-15,-5,-8.8,-1.5,0.0,1024,1024,0.1,4,NNE,2.15,08:34:00,16:10:00,0 days 07:35:45,,06:17:00,18:26:00,07:02:00,17:41:00,07:49:00,16:54:00,12:22:00,147.149
2012-01-16,-5.1,-9.9,1.2,0.0,1024,1021,1.2,17,S,5.78,08:33:00,16:11:00,0 days 07:38:44,,06:17:00,18:28:00,07:01:00,17:43:00,07:48:00,16:56:00,12:22:00,147.159
2012-01-17,2.4,-9.9,9.5,0.0,1020,1013,3.5,32,S,3.58,08:32:00,16:13:00,0 days 07:41:48,,06:16:00,18:29:00,07:00:00,17:45:00,07:47:00,16:58:00,12:22:00,147.169
2012-01-18,4.2,0.1,6.6,2.3,1010,1010,10.6,37,SSW,4.65,08:30:00,16:15:00,0 days 07:44:57,,06:15:00,18:31:00,06:59:00,17:46:00,07:46:00,16:59:00,12:23:00,147.181
2012-01-19,0.1,0.2,2.4,6.7,1007,1006,6.8,28,SSW,0.86,08:29:00,16:17:00,0 days 07:48:11,,06:14:00,18:32:00,06:58:00,17:48:00,07:45:00,17:01:00,12:23:00,147.193
2012-01-20,1.8,-1.5,6.8,4.8,1011,1001,4.9,25,SSW,0,08:28:00,16:19:00,0 days 07:51:29,,06:13:00,18:34:00,06:57:00,17:49:00,07:44:00,17:03:00,12:23:00,147.206
2012-01-21,3,-0.5,4.2,10.5,996,1001,12.7,41,WSW,0.48,08:26:00,16:21:00,0 days 07:54:52,,06:12:00,18:35:00,06:56:00,17:51:00,07:43:00,17:05:00,12:23:00,147.219
2012-01-22,2,0.6,4.6,1.9,1000,1008,6.8,26,WSW,2.44,08:25:00,16:23:00,0 days 07:58:19,,06:11:00,18:37:00,06:55:00,17:53:00,07:42:00,17:06:00,12:24:00,147.233
2012-01-23,0.3,1.1,2.3 ,0.0,1010,1016,5.3,23,SW,0.62,08:23:00,16:25:00,0 days 08:01:51,,06:10:00,18:38:00,06:54:00,17:54:00,07:40:00,17:08:00,12:24:00,147.247
2012-01-24,0.7,-3,8.9,0.8,1012,1010,1.2,16,ESE,0.05,08:22:00,16:27:00,0 days 08:05:26,,06:09:00,18:40:00,06:53:00,17:56:00,07:39:00,17:10:00,12:24:00,147.262
2012-01-25,5.3,-2.3,2.4,2.4,1000,995,7.8,35,SSE,0,08:20:00,16:29:00,0 days 08:09:05,,06:08:00,18:42:00,06:52:00,17:58:00,07:38:00,17:12:00,12:24:00,147.277
2012-01-26,-0.8,-3.5,9.9,0.0,999,1001,0.4,9,SE,2.26,08:19:00,16:31:00,0 days 08:12:48,,06:07:00,18:43:00,06:51:00,18:00:00,07:36:00,17:14:00,12:25:00,147.293
2012-01-27,-0.1,-3.2,2,0.0,1009,1023,0.6,11,SW,3.53,08:17:00,16:34:00,0 days 08:16:34,,06:06:00,18:45:00,06:49:00,18:01:00,07:35:00,17:16:00,12:25:00,147.309
2012-01-28,0,-4.2,2.9,0.0,1030,1032,0.1,5,SW,1.67,08:15:00,16:36:00,0 days 08:20:23,,06:04:00,18:47:00,06:48:00,18:03:00,07:33:00,17:18:00,12:25:00,147.326
2012-01-29,0.2,-4,4.9,0.0,1031,1030,4.8,28,ESE,5.6,08:14:00,16:38:00,0 days 08:24:16,,06:03:00,18:49:00,06:46:00,18:05:00,07:32:00,17:20:00,12:25:00,147.344
2012-01-30,0.6,0.2,3.5,0.0,1029,1029,6.1,25,ESE,4.21,08:12:00,16:40:00,0 days 08:28:11,,06:01:00,18:50:00,06:45:00,18:07:00,07:30:00,17:21:00,12:25:00,147.362
2012-01-31,0.7,-1.6,3.4,0.0,1031,1036,5.8,22,ESE,3.68,08:10:00,16:42:00,0 days 08:32:09,,06:00:00,18:52:00,06:43:00,18:09:00,07:29:00,17:23:00,12:26:00,147.381
2012-02-01,-2,-2.1,3.5,0.0,1038,1039,3,19,SSE,7.03,08:08:00,16:44:00,0 days 08:36:10,,05:59:00,18:54:00,06:42:00,18:10:00,07:27:00,17:25:00,12:26:00,147.4
2012-02-02,-4.1,-7.5,1.6,0.0,1038,1036,9.9,11,SE,5.38,08:06:00,16:46:00,0 days 08:40:14,,05:57:00,18:56:00,06:40:00,18:12:00,07:25:00,17:27:00,12:26:00,147.42
2012-02-03,-5.3,-11.8,4.8,0.0,1037,1034,0.7,13,SSW,7.04,08:04:00,16:49:00,0 days 08:44:20,,05:56:00,18:57:00,06:39:00,18:14:00,07:23:00,17:29:00,12:26:00,147.441
2012-02-04,-1.1,-11.4,5.2,0.0,1024,1019,3.7,30,SSE,0,08:02:00,16:51:00,0 days 08:48:28,,05:54:00,18:59:00,06:37:00,18:16:00,07:22:00,17:31:00,12:26:00,147.463
2012-02-05,2.2,-1.4,4.4,0.0,1022,1028,2.4,16,SSW,1.31,08:00:00,16:53:00,0 days 08:52:39,,05:52:00,19:01:00,06:35:00,18:18:00,07:20:00,17:33:00,12:26:00,147.486
2012-02-06,-0.6,-3,4.6,0.0,1034,1037,0.1,4,SW,5.97,07:58:00,16:55:00,0 days 08:56:52,,05:51:00,19:03:00,06:34:00,18:20:00,07:18:00,17:35:00,12:26:00,147.509
2012-02-07,-3.9,-10,3.3,0.0,1039,1038,1.3,16,SW,7.45,07:56:00,16:57:00,0 days 09:01:06,,05:49:00,19:05:00,06:32:00,18:22:00,07:16:00,17:37:00,12:26:00,147.533
2012-02-08,0.1,-9.5,4.8,7.1,1035,1033,5.5,24,S,0.82,07:54:00,17:00:00,0 days 09:05:23,,05:47:00,19:07:00,06:30:00,18:24:00,07:14:00,17:39:00,12:26:00,147.558
2012-02-09,4.8,1.5,6.8,0.0,1033,1034,1.3,17,S,0,07:52:00,17:02:00,0 days 09:09:41,,05:45:00,19:09:00,06:28:00,18:26:00,07:12:00,17:41:00,12:26:00,147.584
2012-02-10,2,-2.7,5.9,0.1,1031,1030,2.6,17,SW,0.04,07:50:00,17:04:00,0 days 09:14:01,,05:43:00,19:11:00,06:26:00,18:27:00,07:10:00,17:43:00,12:26:00,147.611
2012-02-11,4.2,-0.7,5.7,1.4,1032,1035,0.8,8,SSE,0.29,07:48:00,17:06:00,0 days 09:18:22,,05:42:00,19:12:00,06:25:00,18:29:00,07:08:00,17:46:00,12:27:00,147.638
2012-02-12,2.6,-1.3 ,5.9,0.8,1036,1032,2.5,14,SW,3.01,07:46:00,17:08:00,0 days 09:22:45,,05:40:00,19:14:00,06:23:00,18:31:00,07:06:00,17:48:00,12:26:00,147.666
2012-02-13,5.1,-1.2,8,0.0,1026,1029,6.2,27,WSW,0.13,07:43:00,17:10:00,0 days 09:27:10,,05:38:00,19:16:00,06:21:00,18:33:00,07:04:00,17:50:00,12:26:00,147.695
2012-02-14,6.1,2.5,8.7,1.0,1025,1023,7.5,30,W,0,07:41:00,17:13:00,0 days 09:31:35,,05:36:00,19:18:00,06:19:00,18:35:00,07:02:00,17:52:00,12:26:00,147.725
2012-02-15,6.2,5.6,8.4,0.1,1024,1025,7.6,27,W,0.23,07:39:00,17:15:00,0 days 09:36:02,,05:34:00,19:20:00,06:17:00,18:37:00,07:00:00,17:54:00,12:26:00,147.755
2012-02-16,7.6,4.8,12.2,0.3,1017,1017,8.8,33,WSW,3.87,07:37:00,17:17:00,0 days 09:40:30,,05:32:00,19:22:00,06:15:00,18:39:00,06:58:00,17:56:00,12:26:00,147.785
2012-02-17,5.2,2.6,8,6.3,1014,1000,7.8,32,SW,0.52,07:34:00,17:19:00,0 days 09:45:00,,05:30:00,19:24:00,06:12:00,18:41:00,06:56:00,17:58:00,12:26:00,147.816
2012-02-18,2.4,-0.1,3.5,2.3,993,1008,4,17,WSW,2.64,07:32:00,17:21:00,0 days 09:49:30,,05:27:00,19:26:00,06:10:00,18:43:00,06:54:00,18:00:00,12:26:00,147.848
2012-02-19,-0.7,-4.1,5.7,1.1,1021,1023,5,21,WSW,2.01,07:30:00,17:24:00,0 days 09:54:01,,05:25:00,19:28:00,06:08:00,18:45:00,06:51:00,18:02:00,12:26:00,147.88
2012-02-20,5.6,-1.9,11.2,1.0,1011,1012,10.8,39,SSW,1.18,07:27:00,17:26:00,0 days 09:58:33,,05:23:00,19:30:00,06:06:00,18:47:00,06:49:00,18:04:00,12:26:00,147.912
2012-02-21,9.9,5.4,12.5,0.8,1013,1007,8.9,33,SSW,0.47,07:25:00,17:28:00,0 days 10:03:06,,05:21:00,19:32:00,06:04:00,18:49:00,06:47:00,18:06:00,12:26:00,147.944
2012-02-22,9.5,5.6,13.5,0.2,1000,1005,7.3,32,SW,0.87,07:22:00,17:30:00,0 days 10:07:39,,05:19:00,19:34:00,06:02:00,18:51:00,06:45:00,18:08:00,12:26:00,147.977
2012-02-23,10.5,7.2,13.9,0.1,1008,1009,13.5,45,SW,0.44,07:20:00,17:32:00,0 days 10:12:14,,05:16:00,19:36:00,05:59:00,18:53:00,06:42:00,18:10:00,12:26:00,148.01
2012-02-24,6.4,4.9,8.3,0.0,1015,1021,12.8,37,WSW,3.09,07:18:00,17:34:00,0 days 10:16:49,,05:14:00,19:38:00,05:57:00,18:55:00,06:40:00,18:12:00,12:26:00,148.043
2012-02-25,6.1,3.2,8.7,1.1,1019,1022,6,27,SW,2.42,07:15:00,17:37:00,0 days 10:21:24,,05:12:00,19:41:00,05:55:00,18:57:00,06:38:00,18:14:00,12:25:00,148.077
2012-02-26,7.7,2.9,12.4,0.0,1023,1015,6,24,SSW,3.84,07:13:00,17:39:00,0 days 10:26:00,,05:09:00,19:43:00,05:52:00,18:59:00,06:35:00,18:16:00,12:25:00,148.111
2012-02-27,11,4.8,14,0.0,1011,1012,9.4,35,SSW,0.49,07:10:00,17:41:00,0 days 10:30:37,,05:07:00,19:45:00,05:50:00,19:01:00,06:33:00,18:18:00,12:25:00,148.145
2012-02-28,11.2,9.6,13.7,0.0,1015,1017,7.5,30,SSW,0.16,07:08:00,17:43:00,0 days 10:35:14,,05:04:00,19:47:00,05:48:00,19:03:00,06:30:00,18:20:00,12:25:00,148.18
2012-02-29,9.6,8,11.2,0.0,1016,1016,6.1,27,SW,0.43,07:05:00,17:45:00,0 days 10:39:51,,05:02:00,19:49:00,05:45:00,19:06:00,06:28:00,18:23:00,12:25:00,148.215
2012-03-01,7.9,6.9,11.2,0.7,1018,1026,4.5,23,NE,0.09,07:03:00,17:47:00,0 days 10:44:29,,04:59:00,19:51:00,05:43:00,19:08:00,06:26:00,18:25:00,12:25:00,148.25
2012-03-02,7.5,2.7,11.7,0.0,1025,1018,5.1,24,ESE,3.04,07:00:00,17:49:00,0 days 10:49:07,,04:57:00,19:53:00,05:40:00,19:10:00,06:23:00,18:27:00,12:24:00,148.286
2012-03-03,5.4,5.1,10.3,0.0,1009,1010,9.3,39,SE,3.3,06:58:00,17:52:00,0 days 10:53:46,,04:54:00,19:55:00,05:38:00,19:12:00,06:21:00,18:29:00,12:24:00,148.322
2012-03-04,1.8,-1.9,7.4,0.1,1015,1019,1.8,15,SSW,1.53,06:55:00,17:54:00,0 days 10:58:24,,04:52:00,19:58:00,05:35:00,19:14:00,06:18:00,18:31:00,12:24:00,148.359
2012-03-05,1.6,-6.2,8.8,0.0,1025,1026,1.4,15,NW,6.86,06:53:00,17:56:00,0 days 11:03:03,,04:49:00,20:00:00,05:33:00,19:16:00,06:16:00,18:33:00,12:24:00,148.396
2012-03-06,2.9,-5.4,11.3,2.1,1018,1002,6.7,41,SSW,0.62,06:50:00,17:58:00,0 days 11:07:42,,04:46:00,20:02:00,05:30:00,19:18:00,06:13:00,18:35:00,12:23:00,148.434
2012-03-07,5.8,3.7,5.5,1.8,1001,1009,8.2,32,SSW,2.47,06:48:00,18:00:00,0 days 11:12:22,,04:44:00,20:04:00,05:28:00,19:20:00,06:11:00,18:37:00,12:23:00,148.472
2012-03-08,5.4,0.2,13,0.1,1018,1019,10.6,34,SSW,2.69,06:45:00,18:02:00,0 days 11:17:02,,04:41:00,20:07:00,05:25:00,19:22:00,06:08:00,18:39:00,12:23:00,148.511
2012-03-09,9.4,3.4,12.9,0.0,1015,1023,13.7,42,SSW,3.39,06:42:00,18:04:00,0 days 11:21:41,,04:38:00,20:09:00,05:22:00,19:24:00,06:05:00,18:41:00,12:23:00,148.55
2012-03-10,7.9,6,9.6,0.0,1027,1033,10.9,32,WSW,0,06:40:00,18:06:00,0 days 11:26:21,,04:35:00,20:11:00,05:20:00,19:26:00,06:03:00,18:43:00,12:22:00,148.59
2012-03-11,9.3,6.7,12,0.0,1033,1033,8.6,28,SSW,1.24,06:37:00,18:08:00,0 days 11:31:02,,04:33:00,20:13:00,05:17:00,19:29:00,06:00:00,18:45:00,12:22:00,148.63
2012-03-12,9,7.1,11,0.0,1033,1033,6,20,WSW,0,06:35:00,18:10:00,0 days 11:35:42,,04:30:00,20:16:00,05:15:00,19:31:00,05:58:00,18:47:00,12:22:00,148.671
2012-03-13,7.6,4,10.9,0.0,1033,1032,2.9,15,SW,0,06:32:00,18:12:00,0 days 11:40:22,,04:27:00,20:18:00,05:12:00,19:33:00,05:55:00,18:49:00,12:22:00,148.712
2012-03-14,7.8,0,11.2,0.0,1026,1022,4.5,22,SSW,1.96,06:29:00,18:14:00,0 days 11:45:03,,04:24:00,20:21:00,05:09:00,19:35:00,05:53:00,18:51:00,12:21:00,148.754
2012-03-15,6.6,4.7,12,0.0,1018,1015,5.2,27,SSW,0.31,06:27:00,18:16:00,0 days 11:49:43,,04:21:00,20:23:00,05:06:00,19:37:00,05:50:00,18:54:00,12:21:00,148.795
2012-03-16,6.4,0.2,12.4,0.0,1005,1006,5.2,33,SSW,1.04,06:24:00,18:19:00,0 days 11:54:24,,04:18:00,20:25:00,05:04:00,19:39:00,05:47:00,18:56:00,12:21:00,148.837
2012-03-17,4.4,-1,9.9,0.5,1006,1013,5.4,32,W,} 48.54,06:22:00,18:21:00,0 days 11:59:05,,04:15:00,20:28:00,05:01:00,19:42:00,05:45:00,18:58:00,12:21:00,148.879
2012-03-18,2.4 ,-4.2,9,0.2,1017,1021,3.8,21,WSW,,06:19:00,18:23:00,0 days 12:03:45,,04:12:00,20:30:00,04:58:00,19:44:00,05:42:00,19:00:00,12:20:00,148.922
2012-03-19,6.6,1.6,11.2,0.0,1021,1018,11.5,39,SSW,,06:16:00,18:25:00,0 days 12:08:26,,04:09:00,20:33:00,04:55:00,19:46:00,05:39:00,19:02:00,12:20:00,148.964
2012-03-20,10.8,7,12.9,0.0,1023,1025,12.7,36,SSW,,06:14:00,18:27:00,0 days 12:13:07,,04:06:00,20:35:00,04:53:00,19:48:00,05:37:00,19:04:00,12:20:00,149.006
2012-03-21,7.8,8.4,14.9,0.0,1028,1031,7.8,31,SSW,,06:11:00,18:29:00,0 days 12:17:47,,04:03:00,20:38:00,04:50:00,19:50:00,05:34:00,19:06:00,12:19:00,149.049
2012-03-22,7.7,-3.4,17.7,0.0,1033,1031,0.5,9,NE,,06:08:00,18:31:00,0 days 12:22:28,,04:00:00,20:40:00,04:47:00,19:53:00,05:31:00,19:08:00,12:19:00,149.091
2012-03-23,5.5,-5,15.9,0.0,1029,1027,2.5,19,ESE,,06:06:00,18:33:00,0 days 12:27:08,,03:56:00,20:43:00,04:44:00,19:55:00,05:29:00,19:10:00,12:19:00,149.133
2012-03-24,9.4,1.4,16.5,0.0,1029,1030,0.3,9,W,,06:03:00,18:35:00,0 days 12:31:48,,03:53:00,20:46:00,04:41:00,19:57:00,05:26:00,19:12:00,12:18:00,149.175
2012-03-25,10.6,0,20.9,0.0,1033,1034,2.7,21,SSW,,07:00:00,19:37:00,0 days 12:36:29,,04:50:00,21:48:00,05:38:00,21:00:00,06:23:00,20:14:00,13:18:00,149.217
2012-03-26,11.4,-1.2,23.2,0.0,1037,1036,0.9,13,SSE,9.94,06:58:00,19:39:00,0 days 12:41:09,,04:47:00,21:51:00,05:35:00,21:02:00,06:20:00,20:17:00,13:18:00,149.259
2012-03-27,9.3,-3.2,21.9,0.0,1037,1034,2.2,21,SSW,11.47,06:55:00,19:41:00,0 days 12:45:49,,04:43:00,21:54:00,05:33:00,21:04:00,06:18:00,20:19:00,13:18:00,149.301
2012-03-28,10.6,1.2,8.6,0.0,1033,1030,4.6,26,WSW,3.65,06:53:00,19:43:00,0 days 12:50:28,,04:40:00,21:56:00,05:30:00,21:07:00,06:15:00,20:21:00,13:17:00,149.343
2012-03-29,11.2,8.6,14.6,0.0,1029,1027,6.6,25,SSW,5.29,06:50:00,19:45:00,0 days 12:55:08,,04:37:00,21:59:00,05:27:00,21:09:00,06:12:00,20:23:00,13:17:00,149.385
2012-03-30,11.4,5.8,16.7,1.3,1025,1021 ,6.9,30,SW,10.89,06:47:00,19:47:00,0 days 12:59:47,,04:33:00,22:02:00,05:24:00,21:11:00,06:10:00,20:25:00,13:17:00,149.427
2012-03-31,3.7,3.9,10.1,0.0,1023,1024,4.7,20,N,7.58,06:45:00,19:49:00,0 days 13:04:26,,04:30:00,22:05:00,05:21:00,21:14:00,06:07:00,20:27:00,13:16:00,149.469
2012-04-01,4.1,-2.8,10.7,1.8,1019,1015,5.5,25,W,0,06:42:00,19:51:00,0 days 13:09:05,,04:26:00,22:08:00,05:18:00,21:16:00,06:04:00,20:29:00,13:16:00,149.511
2012-04-02,3.5,1.8,6.9,16.0,1012,1005,4.4,14,N,0,06:39:00,19:53:00,0 days 13:13:44,,04:23:00,22:11:00,05:15:00,21:18:00,06:01:00,20:31:00,13:16:00,149.553
2012-04-03,1.2,-1,3.8,8.2,1010,1018,3.3,30,NNE,3.64,06:37:00,19:55:00,0 days 13:18:22,,04:19:00,22:14:00,05:12:00,21:21:00,05:59:00,20:34:00,13:15:00,149.595
2012-04-04,1.2,-5.1,5.3,1.2, 1023,1025,2.4,16,N,1.9,06:34:00,19:57:00,0 days 13:23:00,,04:16:00,22:17:00,05:09:00,21:23:00,05:56:00,20:36:00,13:15:00,149.638
2012-04-05,1.1,-5.2,7.1,2.2,1023,1019,3.5,18,SSW,0.01,06:32:00,19:59:00,0 days 13:27:38,,04:12:00,22:20:00,05:06:00,21:26:00,05:53:00,20:38:00,13:15:00,149.68
2012-04-06,6.4,2.1,9.1,5.0,1011,1013,2.4,14,SSW,0,06:29:00,20:01:00,0 days 13:32:15,,04:08:00,22:23:00,05:03:00,21:28:00,05:50:00,20:40:00,13:15:00,149.723
2012-04-07,6.1,2.1,9.8,0.7,1014,1012,2.6,15,SSW,0,06:26:00,20:03:00,0 days 13:36:52,,04:05:00,22:26:00,05:00:00,21:31:00,05:48:00,20:42:00,13:14:00,149.766
2012-04-08,7.7,4.9,12,0.8,1007,997,6,29,SSW,0.06,06:24:00,20:05:00,0 days 13:41:29,,04:01:00,22:30:00,04:57:00,21:33:00,05:45:00,20:45:00,13:14:00,149.809
2012-04-09,6.6,3.1,12.2,0.3,987,980,3.8,19,SSW,3.18,06:21:00,20:07:00,0 days 13:46:05,,03:57:00,22:33:00,04:53:00,21:36:00,05:42:00,20:47:00,13:14:00,149.852
2012-04-10,3.9,-0.4,8.2,2.5,979,887,2.1,14,NE,0.01,06:19:00,20:09:00,0 days 13:50:41,,03:53:00,22:37:00,04:50:00,21:39:00,05:40:00,20:49:00,13:13:00,149.896
2012-04-11,6.6,2.8,10.5,3.8,994,1001,2.2,20,N,1.66,06:16:00,20:12:00,0 days 13:55:16,,03:49:00,22:40:00,04:47:00,21:41:00,05:37:00,20:51:00,13:13:00,149.939
2012-04-12,3.9,-1.4,9,5.0,1005,1008,2.2,20,N,2.99,06:14:00,20:14:00,0 days 13:59:51,,03:45:00,22:44:00,04:44:00,21:44:00,05:34:00,20:53:00,13:13:00,149.982
2012-04-13,3.7,-0.7,7.9,5.2,1008,1010,2.8,28,N,2.83,06:11:00,20:16:00,0 days 14:04:26,,03:41:00,22:47:00,04:41:00,21:46:00,05:31:00,20:56:00,13:13:00,150.026
2012-04-14,3.3,-0.5,7,2.3,1015,1019,3.8,25,N,3.58,06:09:00,20:18:00,0 days 14:08:59,,03:37:00,22:51:00,04:38:00,21:49:00,05:29:00,20:58:00,13:12:00,150.069
2012-04-15,3.4,-0.5,6.7,0.3,1024,1026,3.8,26,N,2.29,06:06:00,20:20:00,0 days 14:13:32,,03:33:00,22:55:00,04:35:00,21:52:00,05:26:00,21:00:00,13:12:00,150.112
2012-04-16,4.6,-1.5,10.2,6.8,1024,1011,3.4,25,SSE,6.89,06:04:00,20:22:00,0 days 14:18:05,,03:29:00,22:59:00,04:32:00,21:55:00,05:23:00,21:02:00,13:12:00,150.154
2012-04-17,4.1,2.8,9.8,3.3,988,986,6.4,33,SE,0.71,06:01:00,20:24:00,0 days 14:22:37,,03:24:00,23:03:00,04:28:00,21:57:00,05:20:00,21:05:00,13:12:00,150.197
2012-04-18,4,-2.6,10.2,3.1,987,990,1.5,20,ENE,4.09,05:59:00,20:26:00,0 days 14:27:08,,03:20:00,23:07:00,04:25:00,22:00:00,05:18:00,21:07:00,13:12:00,150.239
2012-04-19,4,-0.8,8.7,3.5,993,993,2.6,17,N,0.21,05:56:00,20:28:00,0 days 14:31:38,,03:15:00,23:11:00,04:22:00,22:03:00,05:15:00,21:09:00,13:11:00,150.281
2012-04-20,7.3,4.3,10.5,13.7,991,993,1.8,20,N,0.44,05:54:00,20:30:00,0 days 14:36:07,,03:11:00,23:16:00,04:19:00,22:06:00,05:12:00,21:11:00,13:11:00,150.322
2012-04-21,6.2,4.3,8.2,5.8,995,999,2.1,19,N,0.01,05:51:00,20:32:00,0 days 14:40:36,,03:06:00,23:20:00,04:15:00,22:09:00,05:10:00,21:14:00,13:11:00,150.363
2012-04-22,6.6,3.8,9.5,2.1,1001,1002,1.7,17,N,0.2,05:49:00,20:34:00,0 days 14:45:03,,03:01:00,23:25:00,04:12:00,22:12:00,05:07:00,21:16:00,13:11:00,150.403
2012-04-23,6.4,2.9,9.8,10.2,1001,1000,2.4,18,N,1.47,05:46:00,20:36:00,0 days 14:49:30,,02:56:00,23:30:00,04:09:00,22:14:00,05:04:00,21:18:00,13:11:00,150.443
2012-04-24,5.4,3.2,7.5,26.7,998,996,5.8,27,NNE,0,05:44:00,20:38:00,0 days 14:53:55,,02:50:00,23:35:00,04:06:00,22:17:00,05:02:00,21:21:00,13:10:00,150.483
2012-04-25,3.8,4.4,6.1,8.0,997,1006,9.5,35,N,0,05:42:00,20:40:00,0 days 14:58:19,,02:45:00,23:40:00,04:02:00,22:20:00,04:59:00,21:23:00,13:10:00,150.522
2012-04-26,3.8,0.9,7.2,5.5,1012,1021,3.6,20,N,0.57,05:39:00,20:42:00,0 days 15:02:42,,02:39:00,23:46:00,03:59:00,22:23:00,04:56:00,21:25:00,13:10:00,150.561
2012-04-27,4.1,-1.8,10.3,0.0,1027,1027,1.3,11,N,7.52,05:37:00,20:44:00,0 days 15:07:04,,02:33:00,23:52:00,03:56:00,22:26:00,04:54:00,21:28:00,13:10:00,150.599
2012-04-28,3.5,-5.2,11.1,4.4,1023,1018,3.4,20,N,13.77,05:35:00,20:46:00,0 days 15:11:24,,02:26:00,23:59:00,03:52:00,22:30:00,04:51:00,21:30:00,13:10:00,150.637
2012-05-01,9.1,2.4,17.9,0.0,1029,1027,2.1,14,ENE,10.53,05:28:00,20:52:00,0 days 15:24:16,,,00:15:00,03:42:00,22:39:00,04:43:00,21:37:00,13:09:00,150.75
2012-05-02,10.4,0.6,18.6,0.0,1028,1023,2.1,14,N,10.35,05:26:00,20:54:00,0 days 15:28:30,,,00:24:00,03:39:00,22:42:00,04:41:00,21:39:00,13:09:00,150.786
2012-05-03,10.5,2.9,17.6,4.5,1017,1012,3,18,N,9.61,05:23:00,20:56:00,0 days 15:32:42,,,00:37:00,03:35:00,22:46:00,04:38:00,21:42:00,13:09:00,150.823
2012-05-04,3.9,3,7,0.9,1013,1014,7.8,26,N,2.1,05:21:00,20:58:00,0 days 15:36:52,,,00:59:00,03:32:00,22:49:00,04:36:00,21:44:00,13:09:00,150.86
2012-05-05,4.5,-0.4,8.5,2.6,1014,1014,3.7,26,N,4.29,05:19:00,21:00:00,0 days 15:41:00,,,,03:28:00,22:52:00,04:33:00,21:46:00,13:09:00,150.896
2012-05-06,5,0.3,10.2,0.0,1015,1016,2,18,N,8.01,05:17:00,21:02:00,0 days 15:45:06,,,,03:25:00,22:56:00,04:31:00,21:49:00,13:09:00,150.932
2012-05-07,3.6,-3.6,10.9,1.5,1014,1008,2.9,19,N,1.46,05:15:00,21:04:00,0 days 15:49:10,,,,03:21:00,22:59:00,04:28:00,21:51:00,13:09:00,150.968
2012-05-08,6.9,3.9,11,0.1,1001,1002,4.2,21,N,0.53,05:13:00,21:06:00,0 days 15:53:12,,,,03:18:00,23:03:00,04:26:00,21:53:00,13:09:00,151.004
2012-05-09,6.9,0.5,13,2.5,1007,1011,2.7,15,N,0.95,05:11:00,21:08:00,0 days 15:57:11,,,,03:14:00,23:06:00,04:23:00,21:56:00,13:09:00,151.039
2012-05-10,4.7,4.6,7.1,16.3,1008,1012,4.6,19,NE,0,05:09:00,21:10:00,0 days 16:01:08,,,,03:11:00,23:10:00,04:21:00,21:58:00,13:09:00,151.075
2012-05-11,4.8,1.8,8.5,2.6,1017,1030,3.6,21,N,0.78,05:07:00,21:12:00,0 days 16:05:02,,,,03:07:00,23:13:00,04:19:00,22:00:00,13:09:00,151.11
2012-05-12,7.6,0.3,13.8,0.0,1035,1030,7.0 ,28,SSW,6.77,05:05:00,21:14:00,0 days 16:08:54,,,,03:03:00,23:17:00,04:16:00,22:03:00,13:09:00,151.144
2012-05-13,8.6,7.1,12.5,1.3,1013,1000,17.5,58,SSW,1.6,05:03:00,21:16:00,0 days 16:12:42,,,,03:00:00,23:21:00,04:14:00,22:05:00,13:09:00,151.178
2012-05-14,7.7,4.1,11.5,4.4,1003,1008,7,32,SSW,0.82,05:01:00,21:17:00,0 days 16:16:28,,,,02:56:00,23:25:00,04:12:00,22:07:00,13:09:00,151.212
2012-05-15,5.1,2.2,9.8,0.2,1016,1021,5,25,WNW,2.94,04:59:00,21:19:00,0 days 16:20:10,,,,02:52:00,23:29:00,04:09:00,22:10:00,13:09:00,151.245
2012-05-16,4.1,-1.7,8.3,6.2,1022,1022,3.2,23,N,2.06,04:57:00,21:21:00,0 days 16:23:49,,,,02:48:00,23:33:00,04:07:00,22:12:00,13:09:00,151.278
2012-05-17,4.5,1.2,7.7,1.3,1016,1016,4.1,17,NE,0,04:56:00,21:23:00,0 days 16:27:24,,,,02:44:00,23:37:00,04:05:00,22:14:00,13:09:00,151.31
2012-05-18,4.6,1.7,8.2,2.1,1016,1018,3.7,19,NE,0.15,04:54:00,21:25:00,0 days 16:30:56,,,,02:40:00,23:41:00,04:03:00,22:16:00,13:09:00,151.341
2012-05-19,6.8,2.8,8.3,0.0,1017,1016,2.1,14,N,1.75,04:52:00,21:27:00,0 days 16:34:24,,,,02:36:00,23:45:00,04:01:00,22:19:00,13:09:00,151.372
2012-05-20,8.1,-2.2,17.7,0.0,1014,1012,1.4,14,N,10.1,04:51:00,21:28:00,0 days 16:37:48,,,,02:32:00,23:49:00,03:58:00,22:21:00,13:09:00,151.402
2012-05-21,10.9,-0.7,21.4,0.0,1012,1014,1.9,17,E,12.44,04:49:00,21:30:00,0 days 16:41:08,,,,02:28:00,23:54:00,03:56:00,22:23:00,13:09:00,151.431
2012-05-22,13.5,3.2,23.6,0.0,1016,1021,4.3,22,SE,10.91,04:47:00,21:32:00,0 days 16:44:24,,,,02:24:00,23:58:00,03:54:00,22:25:00,13:09:00,151.459
2012-05-23,18.2,7.9,28.4,1.5,1024,1025,3.5,20,NNE,12.62,04:46:00,21:33:00,0 days 16:47:35,,,,02:19:00,,03:52:00,22:27:00,13:09:00,151.487
2012-05-24,18.3,13,24.8,1.4,1029,1030,1.5,14,NW,4.09,04:44:00,21:35:00,0 days 16:50:42,,,,,00:03:00,03:50:00,22:29:00,13:09:00,151.514
2012-05-25,19.8,11.6,28,0.0,1031,1029,3.7,21,ESE,10.81,04:43:00,21:37:00,0 days 16:53:44,,,,,00:08:00,03:49:00,22:32:00,13:09:00,151.541
2012-05-26,17.8,8,27.3,0.0,1029,1025,2,16,E,15.85,04:42:00,21:38:00,0 days 16:56:41,,,,,00:14:00,03:47:00,22:34:00,13:09:00,151.566
2012-05-27,17.6,5.1,29,0.0,1024,1020,1.5,18,NE,15.42,04:40:00,21:40:00,0 days 16:59:33,,,,,00:19:00,03:45:00,22:36:00,13:09:00,151.591
2012-05-28,12.2,7.3,16.8,0.5,1019,1019,4.2,20,N,10.15,04:39:00,21:41:00,0 days 17:02:19,,,,,00:25:00,03:43:00,22:37:00,13:10:00,151.616
2012-05-29,9.3,7.2,11.2,0.0,1017,1017,2.3,11,NNE,0,04:38:00,21:43:00,0 days 17:05:01,,,,,00:32:00,03:42:00,22:39:00,13:10:00,151.639
2012-05-30,10,7.7,12.2,1.8,1017,1017,0.7,11,SSE,0,04:37:00,21:44:00,0 days 17:07:36,,,,,00:40:00,03:40:00,22:41:00,13:10:00,151.662
2012-05-31,10.5,9.4,13,0.5,1015,1019,1.8,14,NE,2.13,04:35:00,21:46:00,0 days 17:10:06,,,,,00:50:00,03:38:00,22:43:00,13:10:00,151.685
2012-06-01,10.3,5.5,15.6,0.4,1021,1021,2.3,27,NNE,6.09,04:34:00,21:47:00,0 days 17:12:30,,,,,,03:37:00,22:45:00,13:10:00,151.707
2012-06-02,7.2,2.8,13.7,1.1,1020,1017,2.9,16,N,6.8,04:33:00,21:48:00,0 days 17:14:48,,,,,,03:35:00,22:47:00,13:10:00,151.729
2012-06-03,6.6,0.1,12.8,1.7,1015,1017,2.9,20,NE,6.95,04:32:00,21:49:00,0 days 17:17:00,,,,,,03:34:00,22:48:00,13:11:00,151.75
2012-06-04,8.2,2.8,13.9,0.2,1018,1016,3,21,N,2.52,04:31:00,21:51:00,0 days 17:19:05,,,,,,03:33:00,22:50:00,13:11:00,151.771
2012-06-05,8.3,0.2,15.6,0.3,1012,1005,2.8,21,ESE,5.17,04:31:00,21:52:00,0 days 17:21:04,,,,,,03:32:00,22:51:00,13:11:00,151.792
2012-06-06,10.9,7.7,14.1,7.8,999,998,2.1,11,NNE,0,04:30:00,21:53:00,0 days 17:22:57,,,,,,03:30:00,22:53:00,13:11:00,151.812
2012-06-07,13.7,7.8,19.5,0.4,998,996,3,21,NE,1.55,04:29:00,21:54:00,0 days 17:24:42,,,,,,03:29:00,22:54:00,13:11:00,151.832
2012-06-08,13.5,9.9,17.1,0.3,993,999,5.2,25,NE,0.99,04:29:00,21:55:00,0 days 17:26:20,,,,,,03:28:00,22:55:00,13:11:00,151.851
2012-06-09,11.1,9.9,13,0.0,1004,1008,1.9,11,N,0,04:28:00,21:56:00,0 days 17:27:52,,,,,,03:27:00,22:57:00,13:12:00,151.87
2012-06-10,10.1,7.8,12.4,0.0,1009,1009,1.6,12,NE,0,04:27:00,21:57:00,0 days 17:29:16,,,,,,03:27:00,22:58:00,13:12:00,151.888
2012-06-11,9.3,7,12,3.3,1009,1011,2.1,13,N,0,04:27:00,21:58:00,0 days 17:30:33,,,,,,03:26:00,22:59:00,13:12:00,151.906
2012-06-12,9.4,5.6,13.2,4.0,1012,1015,2.8,17,N,1.14,04:27:00,21:58:00,0 days 17:31:42,,,,,,03:25:00,23:00:00,13:12:00,151.922
2012-06-13,9.1,4.6,13.6,0.3,1017,1019,1.8,14,NE,2.38,04:26:00,21:59:00,0 days 17:32:44,,,,,,03:25:00,23:01:00,13:12:00,151.939
2012-06-14,11.4,6.2,16.4,0.0,1019,1017,3.9,21,ESE,1.4,04:26:00,22:00:00,0 days 17:33:39,,,,,,03:24:00,23:02:00,13:13:00,151.954
2012-06-15,7.7,6.5,9.5,0.8,1012,1006,3.8,18,NE,0.36,04:26:00,22:00:00,0 days 17:34:25,,,,,,03:24:00,23:02:00,13:13:00,151.969
2012-06-16,7.8,6.5,10.9,2.4,1004,1005,3.2,15,NE,0,04:26:00,22:01:00,0 days 17:35:04,,,,,,03:23:00,23:03:00,13:13:00,151.982
2012-06-17,9.1,6.4,11.1,2.9,1011,1016,0.8,11,N,0,04:26:00,22:01:00,0 days 17:35:35,,,,,,03:23:00,23:04:00,13:13:00,151.995
2012-06-18,11.6,7,16.4,3.6,1015,1015,1.3,14,NNE,2.94 ,04:26:00,22:02:00,0 days 17:35:58,,,,,,03:23:00,23:04:00,13:14:00,152.008
2012-06-19,11.5,5.2,17.2,5.3,1014,1017,2.3,22,SSW,5.6,04:26:00,22:02:00,0 days 17:36:14,,,,,,03:23:00,23:04:00,13:14:00,152.019
2012-06-20,12.1,5.2,18.1,0.2,1019,1013,2.1,17,ESE,4.58,04:26:00,22:02:00,0 days 17:36:21,,,,,,03:23:00,23:05:00,13:14:00,152.029
2012-06-21,10.4,8.2,12.6,7.0,1013,1005,3.9,25,N,0.13,04:26:00,22:02:00,0 days 17:36:21,,,,,,03:23:00,23:05:00,13:14:00,152.039
2012-06-22,14.4,10.3,18.2,3.6,998,1001,3,16,NE,0.77,04:26:00,22:02:00,0 days 17:36:12,,,,,,03:24:00,23:05:00,13:14:00,152.047
2012-06-23,12.7,10.6,15.2,25.4,1004,1007,2.9,14,NW,0,04:27:00,22:03:00,0 days 17:35:56,,,,,,03:24:00,23:05:00,13:15:00,152.055
2012-06-24,11.3,9.9,12.9,1.9,1011,1016,4,19,WNW,0,04:27:00,22:02:00,0 days 17:35:32,,,,,,03:25:00,23:05:00,13:15:00,152.062
2012-06-25,11.6,9,17.2,0.0,1016,1019,2.2,13,NW,3.51,04:27:00,22:02:00,0 days 17:35:00,,,,,,03:25:00,23:05:00,13:15:00,152.068
2012-06-26,12.9,4.3,21.3,4.6,1018,1015,1.8,17,SE,2.86,04:28:00,22:02:00,0 days 17:34:21,,,,,,03:26:00,23:04:00,13:15:00,152.073
2012-06-27,14.8,11.2,17.8,2.0,1013,1010,0.7,14,SSW,0,04:29:00,22:02:00,0 days 17:33:33,,,,,,03:27:00,23:04:00,13:15:00,152.078
2012-06-28,14.6,11.3,18.1,5.4,1004,993,2.4,23,ESE,0,04:29:00,22:02:00,0 days 17:32:38,,,,,,03:27:00,23:03:00,13:16:00,152.081
2012-06-29,15.5,11.1,20.5,0.4,990,991,4.2,25,SSW,3.46,04:30:00,22:01:00,0 days 17:31:36,,,,,,03:28:00,23:03:00,13:16:00,152.085
2012-06-30,15.3,10.3,20.2,2.3,996,1000,6.6,26,SSW,2.16,04:31:00,22:01:00,0 days 17:30:26,,,,,,03:29:00,23:02:00,13:16:00,152.087
2012-07-01,10.4,9.9,12.7,1.4,1003,1009,2,13,N,0,04:31:00,22:01:00,0 days 17:29:09,,,,,,03:30:00,23:01:00,13:16:00,152.089
2012-07-02,10.8,5.9,17.3,2.7,1010,1010,1.8,17,ESE,0.03,04:32:00,22:00:00,0 days 17:27:44,,,,,,03:31:00,23:01:00,13:16:00,152.091
2012-07-03,16.8,12.2,21.5,0.2,1009,1008,4.3,20,ESE,1.75,04:33:00,21:59:00,0 days 17:26:13,,,,,,03:33:00,23:00:00,13:17:00,152.092
2012-07-04,17.5,14.3,22.2,0.0,1007,1009,2.8,18,ESE,2.04,04:34:00,21:59:00,0 days 17:24:34,,,,,,03:34:00,22:59:00,13:17:00,152.092
2012-07-05,17.5,9.6,17.8,0.0,1012,1014,2.4,21,ESE,5.79,04:35:00,21:58:00,0 days 17:22:49,,,,,,03:35:00,22:57:00,13:17:00,152.092
2012-07-06,17.4,9.6,22.9,1.0,1015,1015,4.2,23,NE,} 2.30,04:36:00,21:57:00,0 days 17:20:56,,,,,,03:37:00,22:56:00,13:17:00,152.092
2012-07-07,10.8,10.8,11.2,26.0,1015,1014,4.5,20,NNW,,04:37:00,21:56:00,0 days 17:18:58,,,,,,03:38:00,22:55:00,13:17:00,152.091
2012-07-08,11.4,9.5,13.1,0.9,1010,1011,2.5,14,NNW,,04:39:00,21:55:00,0 days 17:16:52,,,,,,03:40:00,22:54:00,13:17:00,152.089
2012-07-09,11.3,9.3,13.4,2.4,1013,1012,2.8,14,NNW,,04:40:00,21:54:00,0 days 17:14:41,,,,,,03:41:00,22:52:00,13:18:00,152.087
2012-07-10,11.3,9.5,13.5,11.9,1010,1009,1.3,1,NE,,04:41:00,21:53:00,0 days 17:12:23,,,,,,03:43:00,22:51:00,13:18:00,152.084
2012-07-11,11.1,8.2,13.5,0.9,1009,1010,2,13,NNE,0,04:42:00,21:52:00,0 days 17:09:59,,,,,,03:45:00,22:49:00,13:18:00,152.081
2012-07-12,10.9,8,13.7,0.8,1010,1008,2.3,14,NNW,0,04:44:00,21:51:00,0 days 17:07:30,,,,,00:58:00,03:47:00,22:48:00,13:18:00,152.077
2012-07-13,10.2,8.3,11.9,0.3,1005,1005,1,12,NNE,0,04:45:00,21:50:00,0 days 17:04:55,,,,,00:48:00,03:48:00,22:46:00,13:18:00,152.072
2012-07-14,11.4,7.5,15.1,0.4,1006,1006,3.2,16,N,1.53,04:47:00,21:49:00,0 days 17:02:14,,,,,00:41:00,03:50:00,22:45:00,13:18:00,152.066
2012-07-15,11.8,7.5,14.8,10.1,1005,1010,5.3,23,SSW,0.65,04:48:00,21:48:00,0 days 16:59:28,,,,,00:34:00,03:52:00,22:43:00,13:18:00,152.059
2012-07-16,13.4,9.2,18.4,0.0,1011,1014,4.1,18,SSW,0.82,04:50:00,21:46:00,0 days 16:56:37,,,,,00:28:00,03:54:00,22:41:00,13:18:00,152.052
2012-07-17,12.8,6.5,18,9.7,1016,1013,2.3,16,SSW,1.59,04:51:00,21:45:00,0 days 16:53:41,,,,,00:23:00,03:56:00,22:39:00,13:18:00,152.043
2012-07-18,10.6,11,12.6,10.8,1005,1007,2.7,17 ,NE,0,04:53:00,21:43:00,0 days 16:50:40,,,,,00:18:00,03:58:00,22:37:00,13:19:00,152.034
2012-07-19,11,8.2,13.6,0.3,1011,1014,3.1,28,N,1.25,04:54:00,21:42:00,0 days 16:47:35,,,,,00:13:00,04:00:00,22:35:00,13:19:00,152.024
2012-07-20,11.5,8.1,16.2,0.0,1017,1019,0.8,9,WSW,0,04:56:00,21:40:00,0 days 16:44:25,,,,,00:09:00,04:02:00,22:33:00,13:19:00,152.013
2012-07-21,12.1,5.3,16.3,1.5,1021,1020,3.2,19,SSW,2.15,04:58:00,21:39:00,0 days 16:41:10,,,,,00:04:00,04:05:00,22:31:00,13:19:00,152.001
2012-07-22,15.8,10.6,21.1,0.0,1011,1009,8.9,37,SSW,0.11,04:59:00,21:37:00,0 days 16:37:52,,,,,00:00:00,04:07:00,22:29:00,13:19:00,151.988
2012-07-23,14.6,14.2,18.9,0.3,1011,1013,7.1,30,SSW,0.53,05:01:00,21:35:00,0 days 16:34:30,,,,02:42:00,23:51:00,04:09:00,22:27:00,13:19:00,151.975
2012-07-24,15.3,9.4,20.8,0.0,1014,1017,4.2,24,SSW,13.76,05:03:00,21:34:00,0 days 16:31:03,,,,02:47:00,23:47:00,04:11:00,22:25:00,13:19:00,151.96
2012-07-25,14.5,8.9,19.4,0.0,1020,1022,1.5,11,NE,,05:04:00,21:32:00,0 days 16:27:34,,,,02:51:00,23:43:00,04:13:00,22:23:00,13:19:00,151.945
2012-07-26,13.8,7,20.1,0.0,1019,1014,2.8,18,SE,,05:06:00,21:30:00,0 days 16:24:00,,,,02:55:00,23:40:00,04:15:00,22:21:00,13:19:00,151.929
2012-07-27,12.3,6.2,18.2,0.3,1007,1005,7.7,33,S,8.78,05:08:00,21:28:00,0 days 16:20:24,,,,02:59:00,23:36:00,04:18:00,22:18:00,13:19:00,151.912
2012-07-28,11.1,5.9,16.1,7.9,1003,1002,2,12,SSW,1.78,05:10:00,21:27:00,0 days 16:16:44,,,,03:02:00,23:32:00,04:20:00,22:16:00,13:19:00,151.895
2012-07-29,11.8,8.5,15.4,2.0,1002,1007,2.8,25,SSW,1.23,05:12:00,21:25:00,0 days 16:13:01,,,,03:06:00,23:28:00,04:22:00,22:14:00,13:19:00,151.878
2012-07-30,10.9,7.3,15.3,3.3,1002,1001,1.3,14,SSW,8.68,05:13:00,21:23:00,0 days 16:09:15,,,,03:10:00,23:24:00,04:24:00,22:11:00,13:19:00,151.859
2012-07-31,12,3.8,19.9,3.3,1002,1001,2.7,21,ESE,,05:15:00,21:21:00,0 days 16:05:26,,,,03:14:00,23:21:00,04:27:00,22:09:00,13:19:00,151.841
2012-08-01,12,3.8,19.9,3.3,1002,1001,2.7,21,ESE,0,05:17:00,21:19:00,0 days 16:01:34,,,,03:17:00,23:17:00,04:29:00,22:07:00,13:19:00,151.821
2012-08-02,13.1,12.2,17.8,0.8,1005,1007,0.9,9,SSW,0.28,05:19:00,21:17:00,0 days 15:57:40,,,,03:21:00,23:13:00,04:31:00,22:04:00,13:19:00,151.802
2012-08-03,15.5,7.6,21.4,0.0,1008,1009,0.9,18,N,5.54,05:21:00,21:15:00,0 days 15:53:44,,,,03:24:00,23:10:00,04:33:00,22:02:00,13:18:00,151.782
2012-08-04,14.4,8.1,20.5,0.0,1009,1008,2.2,14,NE,11.66,05:23:00,21:13:00,0 days 15:49:45,,,,03:28:00,23:06:00,04:36:00,21:59:00,13:18:00,151.761
2012-08-05,16.1,11.7,20.1,0.0,1007,1006,2.5,16,N,,05:25:00,21:10:00,0 days 15:45:44,,,,03:31:00,23:03:00,04:38:00,21:57:00,13:18:00,151.74
2012-08-06,14.9,11.5,18.2,3.0,1007,1010,0.7,8,NE,,05:27:00,21:08:00,0 days 15:41:41,,,,03:34:00,22:59:00,04:40:00,21:54:00,13:18:00,151.719
2012-08-07,13.2,11.5,17.2,0.1,1014,1020,1.2,14,NE,0.21,05:29:00,21:06:00,0 days 15:37:35,,,,03:37:00,22:56:00,04:42:00,21:52:00,13:18:00,151.697
2012-08-08,12.8,8.1,18.5,0.0,1023,1024,0.9,13,N,1.77,05:30:00,21:04:00,0 days 15:33:28,,,,03:41:00,22:52:00,04:45:00,21:49:00,13:18:00,151.675
2012-08-09,14.6,6.5,19.7,0.0,1026,1028,1.1,12,N,44.08,05:32:00,21:02:00,0 days 15:29:19,,,00:49:00,03:44:00,22:49:00,04:47:00,21:47:00,13:18:00,151.652
2012-08-10,13.6,4.6,21.4,0.0,1028,1027,1,13,N,,05:34:00,20:59:00,0 days 15:25:08,,,00:36:00,03:47:00,22:45:00,04:49:00,21:44:00,13:18:00,151.628
2012-08-11,14.6,7.5,22.5,0.0,1023,1018,3,20,ESE,,05:36:00,20:57:00,0 days 15:20:56,,,00:25:00,03:50:00,22:42:00,04:52:00,21:41:00,13:17:00,151.604
2012-08-12,11.8,4.2,19.5,0.0,1015,1012,6,28,ESE,,05:38:00,20:55:00,0 days 15:16:42,,,00:17:00,03:53:00,22:39:00,04:54:00,21:39:00,13:17:00,151.58
2012-08-13,18,14.9,21.3,0.0,1008,1008,6.7,30,ESE,,05:40:00,20:53:00,0 days 15:12:26,,,00:09:00,03:56:00,22:35:00,04:56:00,21:36:00,13:17:00,151.554
2012-08-14,14.8,15.4,22.5,5.5,1008,1012,2.9,20,ESE,,05:42:00,20:50:00,0 days 15:08:10,,,00:02:00,03:59:00,22:32:00,04:58:00,21:34:00,13:17:00,151.528
2012-08-15,14.5,7.7,21.4,3.1,1009,1002,5,28,ESE,,05:44:00,20:48:00,0 days 15:03:51,,02:39:00,23:49:00,04:02:00,22:29:00,05:01:00,21:31:00,13:17:00,151.501
2012-08-16,15.8,12.2,21.7,3.2,1007,1011,3.6,28,ESE,,05:46:00,20:46:00,0 days 14:59:32,,02:45:00,23:43:00,04:05:00,22:25:00,05:03:00,21:28:00,13:16:00,151.474
2012-08-17,15.3,12.8,21.7,4.1,1004,1006,1.4,14,S,,05:48:00,20:43:00,0 days 14:55:11,,02:50:00,23:38:00,04:08:00,22:22:00,05:05:00,21:26:00,13:16:00,151.445
2012-08-18,15.2,6.5,23.4,0.0,1006,1015,4,26,S,5.47,05:50:00,20:41:00,0 days 14:50:50,,02:55:00,23:32:00,04:11:00,22:19:00,05:07:00,21:23:00,13:16:00,151.416
2012-08-19,15.9,9.1,24.5,1.5,1014,1015,0.8,15,S,7.82,05:52:00,20:38:00,0 days 14:46:27,,03:00:00,23:27:00,04:14:00,22:15:00,05:10:00,21:20:00,13:16:00,151.386
2012-08-20,13.8,5.9,21.3,0.0,1013,1015,2.9,23,SSW,4.46,05:54:00,20:36:00,0 days 14:42:03,,03:05:00,23:22:00,04:17:00,22:12:00,05:12:00,21:18:00,13:16:00,151.356
2012-08-21,14.2 ,7.2,20.1,1.1,1011,1006,0.9,14,SE,1.59,05:56:00,20:33:00,0 days 14:37:39,,03:09:00,23:17:00,04:20:00,22:09:00,05:14:00,21:15:00,13:15:00,151.325
2012-08-22,14.3,8.7,18,0.3,1006,1008,5.1,20,SSW,0.66,05:58:00,20:31:00,0 days 14:33:13,,03:14:00,23:13:00,04:22:00,22:06:00,05:16:00,21:12:00,13:15:00,151.293
2012-08-23,13.8,9.2,17.9,2.7,1008,1004,2.8,21,SSW,4.59,06:00:00,20:29:00,0 days 14:28:47,,03:18:00,23:08:00,04:25:00,22:02:00,05:18:00,21:09:00,13:15:00,151.26
2012-08-24,13.2,9.4,16.2,15.9,1003,1002,0.8,12,ESE,0,06:02:00,20:26:00,0 days 14:24:20,,03:22:00,23:04:00,04:28:00,21:59:00,05:21:00,21:07:00,13:15:00,151.227
2012-08-25,11.4 ,10.9,15.1,4.1,1005,1011,2,14,N,0,06:04:00,20:24:00,0 days 14:19:52,,03:26:00,22:59:00,04:30:00,21:56:00,05:23:00,21:04:00,13:14:00,151.194
2012-08-26,12.5,7.3,16.7,0.2,1015,1013,2,22,N,5.55,06:06:00,20:21:00,0 days 14:15:24,,03:30:00,22:55:00,04:33:00,21:53:00,05:25:00,21:01:00,13:14:00,151.16
2012-08-27,12.7,9.3,16.1 ,2.1,1000,997,6.6,33,SE,0,06:08:00,20:18:00,0 days 14:10:55,,03:33:00,22:51:00,04:36:00,21:50:00,05:27:00,20:59:00,13:14:00,151.125
2012-08-28,12.1,9.4,17.2,0.0,1001,1005,7.5,38,SSW,9.74,06:09:00,20:16:00,0 days 14:06:25,,03:37:00,22:47:00,04:38:00,21:46:00,05:29:00,20:56:00,13:13:00,151.091
2012-08-29,11.2,6.5,15.3,3.9,1002,1009,3.1,23,N,0,06:11:00,20:13:00,0 days 14:01:55,,03:41:00,22:42:00,04:41:00,21:43:00,05:31:00,20:53:00,13:13:00,151.056
2012-08-30,6.9,5.4,14.7,0.0,1022,1028,3,21,N,7.67,06:13:00,20:11:00,0 days 13:57:24,,03:44:00,22:38:00,04:43:00,21:40:00,05:34:00,20:50:00,13:13:00,151.021
2012-08-31,5.9,-2.5,15.4,1.8,1025,1019,4.1,21,SSW,1.17,06:15:00,20:08:00,0 days 13:52:53,,03:48:00,22:34:00,04:46:00,21:37:00,05:36:00,20:48:00,13:12:00,150.985
2012-09-01,14.7,5.9,17.3,0.1,1013,1014,8.3,34,SSW,1.88,06:17:00,20:06:00,0 days 13:48:22,,03:51:00,22:31:00,04:48:00,21:34:00,05:38:00,20:45:00,13:12:00,150.95
2012-09-02,15.2,11.4,18.7,0.0,1019,1020,7.3,26,SSW,0.81,06:19:00,20:03:00,0 days 13:43:50,,03:54:00,22:27:00,04:51:00,21:31:00,05:40:00,20:42:00,13:12:00,150.914
2012-09-03,16.5,13.2,20.9,0.1,1017,1013,7.8,32,SSW,0.19,06:21:00,20:00:00,0 days 13:39:17,,03:57:00,22:23:00,04:53:00,21:28:00,05:42:00,20:39:00,13:11:00,150.878
2012-09-04,13,10.1,16.3,0.0,1016,1022,9.3,37,SW,6.82,06:23:00,19:58:00,0 days 13:34:44,,04:01:00,22:19:00,04:56:00,21:25:00,05:44:00,20:37:00,13:11:00,150.842
2012-09-05,12.7,9.4,16.2,0.0,1026,1025,3.6,23,SSW,2.5,06:25:00,19:55:00,0 days 13:30:11,,04:04:00,22:15:00,04:58:00,21:21:00,05:46:00,20:34:00,13:11:00,150.806
2012-09-06,13.3,8.8,16.9,0.0,1013,1016,6.9,37,SSW,0,06:27:00,19:53:00,0 days 13:25:38,,04:07:00,22:12:00,05:01:00,21:18:00,05:48:00,20:31:00,13:10:00,150.769
2012-09-07,16.5,11.8,20.5,0.0,1018,1017,4.8,20,SSW,6.83,06:29:00,19:50:00,0 days 13:21:04,,04:10:00,22:08:00,05:03:00,21:15:00,05:50:00,20:28:00,13:10:00,150.732
2012-09-08,15.3,13.9,21.9,0.0,1014,1009,5.7,25,SSW,24.5,06:31:00,19:47:00,0 days 13:16:30,,04:13:00,22:05:00,05:05:00,21:12:00,05:53:00,20:26:00,13:10:00,150.695
2012-09-09,11.8,5.1,17.9,0.4,1000,996,2.9,22,S,,06:33:00,19:45:00,0 days 13:11:55,,04:16:00,22:01:00,05:08:00,21:09:00,05:55:00,20:23:00,13:09:00,150.657
2012-09-10,8.3,10.5,12.2,1.0,1001,1001,2.1,17,SSW,,06:35:00,19:42:00,0 days 13:07:20,,04:18:00,21:57:00,05:10:00,21:06:00,05:57:00,20:20:00,13:09:00,150.619
2012-09-11,7.6,2.8,11.8,1.0,1003,1005,6.3,30,SSW,,06:37:00,19:39:00,0 days 13:02:46,,04:21:00,21:54:00,05:12:00,21:03:00,05:59:00,20:17:00,13:09:00,150.581
2012-09-12,8.7,4.4,13.1,2.5,1009,1015,3.9,20,N,,06:39:00,19:37:00,0 days 12:58:10,,04:24:00,21:51:00,05:15:00,21:00:00,06:01:00,20:15:00,13:08:00,150.542
2012-09-13,10.4,3.9,14.6,1.8,1004,993,11.1,41,SSW,,06:41:00,19:34:00,0 days 12:53:35,,04:27:00,21:47:00,05:17:00,20:57:00,06:03:00,20:12:00,13:08:00,150.503
2012-09-14,11.6,8.5,15,0.0,1001,1009,8.6,30,N,,06:43:00,19:32:00,0 days 12:49:00,,04:29:00,21:44:00,05:19:00,20:54:00,06:05:00,20:09:00,13:08:00,150.463
2012-09-15,14.1,9.6,17.5,0.0,1007,1002,9,32,SSW,,06:44:00,19:29:00,0 days 12:44:24,,04:32:00,21:40:00,05:21:00,20:52:00,06:07:00,20:06:00,13:07:00,150.423
2012-09-16,10.8,9.7,15.5,0.4,999,1001,5.3,32,SSW,2.55,06:46:00,19:26:00,0 days 12:39:48,,04:35:00,21:37:00,05:24:00,20:49:00,06:09:00,20:04:00,13:07:00,150.383
2012-09-17,9.3,4.7,14.2,5.1,999,1000,4.8,28,SSW,3.32,06:48:00,19:24:00,0 days 12:35:12,,04:37:00,21:34:00,05:26:00,20:46:00,06:11:00,20:01:00,13:07:00,150.342
2012-09-18,7.6,4,11.3,3.6,1008,1014,3.1,24,SW,3.78,06:50:00,19:21:00,0 days 12:30:36,,04:40:00,21:31:00,05:28:00,20:43:00,06:13:00,19:58:00,13:06:00,150.3
2012-09-19,7.4,2.6,12.1,2.5,1016,1015,2.3,22,SSW,3.1,06:52:00,19:18:00,0 days 12:26:00,,04:42:00,21:27:00,05:30:00,20:40:00,06:15:00,19:55:00,13:06:00,150.258
2012-09-20,7,2.1,12.5,0.8,1015,1018,0.5,9,ENE,0.95,06:54:00,19:16:00,0 days 12:21:24,,04:45:00,21:24:00,05:32:00,20:37:00,06:17:00,19:53:00,13:06:00,150.216
2012-09-21,5.7,0.4,10.4,1.2,1019,1021,1,16,N,1.71,06:56:00,19:13:00,0 days 12:16:48,,04:47:00,21:21:00,05:35:00,20:34:00,06:19:00,19:50:00,13:05:00,150.174
2012-09-22,5.9,2.9,13.2,0.0,1020,1018,0.8,17,NE,6.93,06:58:00,19:10:00,0 days 12:12:11,,04:50:00,21:18:00,05:37:00,20:31:00,06:21:00,19:47:00,13:05:00,150.131
2012-09-23,5.1,-3.4,13.2,0.1,1012,1008,3.3,20,ESE,5.2,07:00:00,19:08:00,0 days 12:07:35,,04:52:00,21:15:00,05:39:00,20:29:00,06:23:00,19:45:00,13:04:00,150.088
2012-09-24,8.2,8.9,11.8,11.6,1000,995,6,31,NE,16.91,07:02:00,19:05:00,0 days 12:02:59,,04:55:00,21:12:00,05:41:00,20:26:00,06:25:00,19:42:00,13:04:00,150.045
2012-09-25,9,7.4,10.8,19.7,990,997,8.1,35,N,,07:04:00,19:02:00,0 days 11:58:22,,04:57:00,21:09:00,05:43:00,20:23:00,06:27:00,19:39:00,13:04:00,150.002
2012-09-26,9.6,7.4,12.9,3.2,1001,1004,2.2,14,N,,07:06:00,19:00:00,0 days 11:53:46,,04:59:00,21:06:00,05:45:00,20:20:00,06:29:00,19:37:00,13:03:00,149.959
2012-09-27,8.3,9.5,10.9,-1.0,1004,999,3.9,21,SSW,,07:08:00,18:57:00,0 days 11:49:10,,05:02:00,21:03:00,05:47:00,20:17:00,06:31:00,19:34:00,13:03:00,149.915
2012-09-28,9.4,9.9,12.6,0.7,998,1000,8.4,33,SSW,,07:10:00,18:54:00,0 days 11:44:34,,05:04:00,21:00:00,05:49:00,20:15:00,06:33:00,19:31:00,13:03:00,149.872
2012-09-29,9.6,5.9,12.6,1.4,1008,1006,5.9,24,SSW,,07:12:00,18:52:00,0 days 11:39:58,,05:06:00,20:57:00,05:51:00,20:12:00,06:35:00,19:29:00,13:02:00,149.829
2012-09-30,12.8,5.4,16.4,1.0,999,999,8,32,SSW,,07:14:00,18:49:00,0 days 11:35:22,,05:08:00,20:54:00,05:53:00,20:09:00,06:37:00,19:26:00,13:02:00,149.787
2012-10-01,9.6,5.1,13.8,0.1,998,997,1.5,23,SSW,1.61,07:16:00,18:47:00,0 days 11:30:46,,05:11:00,20:51:00,05:56:00,20:07:00,06:39:00,19:23:00,13:02:00,149.744
2012-10-02,7.2,1.7,12.3,1.8,995,991,1.5,21,NE,0.95,07:18:00,18:44:00,0 days 11:26:10,,05:13:00,20:48:00,05:58:00,20:04:00,06:41:00,19:21:00,13:01:00,149.701
2012-10-03,7.1 ,0.4,10.4,0.0,994,999,1.7,19,SSW,0.82,07:20:00,18:41:00,0 days 11:21:34,,05:15:00,20:46:00,06:00:00,20:01:00,06:43:00,19:18:00,13:01:00,149.659
2012-10-04,5.1,1.6,10.9,0.1,1002,999,2,18,SSW,1.35,07:22:00,18:39:00,0 days 11:16:58,,05:17:00,20:43:00,06:02:00,19:59:00,06:45:00,19:16:00,13:01:00,149.616
2012-10-05,6.8,-3,12.9,2.7,1001,1005,1.5,15,S,16.7,07:24:00,18:36:00,0 days 11:12:23,,05:19:00,20:40:00,06:04:00,19:56:00,06:47:00,19:13:00,13:01:00,149.574
2012-10-06,6.5,1.7,12.9,0.7,1012,1018,3.3,21,SSW,,07:26:00,18:34:00,0 days 11:07:47,,05:22:00,20:37:00,06:06:00,19:54:00,06:49:00,19:11:00,13:00:00,149.532
2012-10-07,6,-2.6,13.4,0.3,1021,1019,1.5,16,SSW,,07:28:00,18:31:00,0 days 11:03:12,,05:24:00,20:35:00,06:08:00,19:51:00,06:51:00,19:08:00,13:00:00,149.49
2012-10-08,3.4,3.9,11.2,0.0,1016,1019,1.8,19,SE,,07:30:00,18:28:00,0 days 10:58:37,,05:26:00,20:32:00,06:10:00,19:48:00,06:53:00,19:06:00,13:00:00,149.448
2012-10-09,4.2,-5.4,11.2,0.0,1018,1017,0.7,13,WNW,,07:32:00,18:26:00,0 days 10:54:02,,05:28:00,20:29:00,06:12:00,19:46:00,06:55:00,19:03:00,12:59:00,149.406
2012-10-10,5.6,-0.6,12.6,0.0,1013,1007,0.1,5,SW,8.54,07:34:00,18:23:00,0 days 10:49:27,,05:30:00,20:27:00,06:14:00,19:43:00,06:57:00,19:01:00,12:59:00,149.364
2012-10-11,7.2,-2.3,15.7,5.1,1003,1004,4.5,23,ESE,0.66,07:36:00,18:21:00,0 days 10:44:53,,05:32:00,20:24:00,06:16:00,19:41:00,06:59:00,18:58:00,12:59:00,149.322
2012-10-12,8.6,9,14.6,18.8,997,997,2.3,20,ENE,0,07:38:00,18:18:00,0 days 10:40:19,,05:34:00,20:22:00,06:18:00,19:38:00,07:01:00,18:56:00,12:59:00,149.28
2012-10-13,8.1,6.2,10.2,1.0,1001,1002,0.9,13,NNE,0.24,07:40:00,18:16:00,0 days 10:35:46,,05:36:00,20:19:00,06:20:00,19:36:00,07:03:00,18:53:00,12:58:00,149.237
2012-10-14,6,4.6,10.5,4.6,1006,1002,2.1,17,N,1.1,07:42:00,18:13:00,0 days 10:31:12,,05:38:00,20:17:00,06:22:00,19:34:00,07:05:00,18:51:00,12:58:00,149.195
2012-10-15,2.7,0.9,7.6,5.2,997,996,0.9,11,SE,1.2,07:44:00,18:11:00,0 days 10:26:40,,05:40:00,20:14:00,06:24:00,19:31:00,07:07:00,18:48:00,12:58:00,149.153
2012-10-16,0.5,-2.6,4.6,0.0,995,1000,0.2,8,SE,0.45,07:46:00,18:08:00,0 days 10:22:07,,05:42:00,20:12:00,06:25:00,19:29:00,07:08:00,18:46:00,12:58:00,149.11
2012-10-17,0.4,-4.1,6,5.1,996,998,1.2,11,NE,0,07:48:00,18:06:00,0 days 10:17:35,,05:44:00,20:10:00,06:27:00,19:26:00,07:10:00,18:44:00,12:58:00,149.068
2012-10-18,6.2,-3.1,8.4,5.9,1001,1007,0.6,10,N,0,07:50:00,18:03:00,0 days 10:13:04,,05:46:00,20:07:00,06:29:00,19:24:00,07:12:00,18:41:00,12:57:00,149.025
2012-10-19,5.8,4.4,7.8,2.6,1010,1008,1.1,14,N,0,07:52:00,18:01:00,0 days 10:08:34,,05:48:00,20:05:00,06:31:00,19:22:00,07:14:00,18:39:00,12:57:00,148.982
2012-10-20,5.6,3.5,9.7,0.0,1012,1017,0.6,11,SSW,0.34,07:54:00,17:59:00,0 days 10:04:04,,05:50:00,20:03:00,06:33:00,19:20:00,07:16:00,18:37:00,12:57:00,148.94
2012-10-21,5.7,-0.1,13.6,0.0,1021,1025,0.9,13,SE,7.92,07:57:00,17:56:00,0 days 09:59:34,,05:52:00,20:00:00,06:35:00,19:17:00,07:18:00,18:34:00,12:57:00,148.897
2012-10-22,4.1,-1.5,10.4,0.0,1028,1030,0.1,6,SSW,9.27,07:59:00,17:54:00,0 days 09:55:06,,05:54:00,19:58:00,06:37:00,19:15:00,07:20:00,18:32:00,12:57:00,148.855
2012-10-23,5.1,-1,11.5,0.1,1031,1031,0.1,3,SSW,,08:01:00,17:51:00,0 days 09:50:38,,05:56:00,19:56:00,06:39:00,19:13:00,07:22:00,18:30:00,12:57:00,148.812
2012-10-24,3.1,-1,7.5,0.9,1029,1025,0.1,5,NE,,08:03:00,17:49:00,0 days 09:46:11,,05:58:00,19:54:00,06:41:00,19:11:00,07:24:00,18:28:00,12:56:00,148.771
2012-10-25,3.3,-0.2,7.2,0.3,1025,1026,2.2,22,N,,08:05:00,17:47:00,0 days 09:41:45,,06:00:00,19:52:00,06:43:00,19:09:00,07:26:00,18:25:00,12:56:00,148.729
2012-10-26,0.7,-1,3.6,3.1,1021,1023,3.6,25,N,2.07,08:07:00,17:44:00,0 days 09:37:20,,06:02:00,19:49:00,06:45:00,19:07:00,07:28:00,18:23:00,12:56:00,148.688
2012-10-27,2,-1.7,6.7,5.0,1021,1009,4.2,18,SSW,1.39,08:09:00,17:42:00,0 days 09:32:57,,06:04:00,19:47:00,06:47:00,19:05:00,07:30:00,18:21:00,12:56:00,148.647
2012-10-28,6.4,1,8.6,2.6,999,1005,3,17,N,0,07:11:00,16:40:00,0 days 09:28:34,,05:06:00,18:45:00,05:49:00,18:03:00,06:32:00,17:19:00,11:56:00,148.607
2012-10-29,2.5,3.1,4.1,0.8,1008,1002,2.2,12,N,0.94,07:13:00,16:38:00,0 days 09:24:12,,05:07:00,18:43:00,05:50:00,18:01:00,06:34:00,17:17:00,11:56:00,148.567
2012-10-30,3.8,-0.1,6.9,1.2,990,997,4,30,S,0.05,07:16:00,16:35:00,0 days 09:19:52,,05:09:00,18:41:00,05:52:00,17:59:00,06:36:00,17:15:00,11:56:00,148.528
2012-10-31,2.8,2.3,4.8,0.5,974,975,1.2,19,SSE,0.64,07:18:00,16:33:00,0 days 09:15:33,,05:11:00,18:40:00,05:54:00,17:57:00,06:38:00,17:13:00,11:56:00,148.489
2012-11-01,-0.2,-3.1,2.8,0.0,973,971,0.7,17,NW,0,07:20:00,16:31:00,0 days 09:11:16,,05:13:00,18:38:00,05:56:00,17:55:00,06:40:00,17:11:00,11:56:00,148.451
2012-11-02,2.3,-3.5,6.1,0.0,974,985,3.6,19,SSE,1.9,07:22:00,16:29:00,0 days 09:07:00,,05:15:00,18:36:00,05:58:00,17:53:00,06:42:00,17:09:00,11:56:00,148.413
2012-11-03,0.8,-4.6,6.2,0.0,988,990,2.1,19,E,2.91,07:24:00,16:27:00,0 days 09:02:46,,05:17:00,18:34:00,06:00:00,17:51:00,06:44:00,17:07:00,11:56:00,148.375
2012-11-04,2.1,-3.1,6.6,0.0,994,1003,0.3,11,SE,3.14,07:26:00,16:25:00,0 days 08:58:33,,05:18:00,18:32:00,06:02:00,17:49:00,06:46:00,17:05:00,11:56:00,148.339
2012-11-05,1.3,-2.8,7.8,2.8,1008,1014,1,12,SE,0.56,07:28:00,16:23:00,0 days 08:54:23,,05:20:00,18:31:00,06:03:00,17:47:00,06:48:00,17:03:00,11:56:00,148.302
2012-11-06,6.3,-2,10.4,0.3,1010,1014,7.1,24,WSW,0,07:30:00,16:21:00,0 days 08:50:14,,05:22:00,18:29:00,06:05:00,17:46:00,06:50:00,17:01:00,11:56:00,148.266
2012-11-07,9.1,7.2,11.4,0.0,1010,1005,9.6,32,SSW,0.85,07:33:00,16:19:00,0 days 08:46:07,,05:24:00,18:27:00,06:07:00,17:44:00,06:52:00,16:59:00,11:56:00,148.231
2012-11-08,6.5,7.1,9,0.0,1009,1005,7.1,28,SW,0.77,07:35:00,16:17:00,0 days 08:42:02,,05:26:00,18:26:00,06:09:00,17:42:00,06:54:00,16:58:00,11:56:00,148.195
2012-11-09,5.4,3.8,8.9,0.6,994,990,7.3 ,31,SSW,2.82,07:37:00,16:15:00,0 days 08:38:00,,05:27:00,18:24:00,06:11:00,17:41:00,06:56:00,16:56:00,11:56:00,148.161
2012-11-10,3.8,0.5,7,0.4,998,994,3,17,SSW,1.16,07:39:00,16:13:00,0 days 08:34:00,,05:29:00,18:23:00,06:13:00,17:39:00,06:58:00,16:54:00,11:56:00,148.126
2012-11-11,1.4,1.9,5.4,0.0,1016,1014,2.9,18,SSW,0.68,07:41:00,16:11:00,0 days 08:30:03,,05:31:00,18:21:00,06:14:00,17:38:00,06:59:00,16:52:00,11:56:00,148.092
2012-11-12,1.4,-5.5,8.3,1.8,1011,1010,1.2,23,SSW,10.41,07:43:00,16:09:00,0 days 08:26:08,,05:32:00,18:20:00,06:16:00,17:36:00,07:01:00,16:51:00,11:56:00,148.058
2012-11-13,7.2,-3.4,13.9,0.4,1010,1016,4,32,SSW,,07:45:00,16:07:00,0 days 08:22:16,,05:34:00,18:18:00,06:18:00,17:35:00,07:03:00,16:49:00,11:57:00,148.024
2012-11-14,5,3.2,9.4,0.0,1020,1022,2.1,18,SSW,,07:47:00,16:06:00,0 days 08:18:28,,05:36:00,18:17:00,06:20:00,17:33:00,07:05:00,16:48:00,11:57:00,147.991
2012-11-15,3.1,-2.2,8.6,0.0,1020,1012,3.3,25,S,,07:49:00,16:04:00,0 days 08:14:42,,05:37:00,18:16:00,06:21:00,17:32:00,07:07:00,16:46:00,11:57:00,147.957
2012-11-16,5.4,-2.1,8.5,1.7,1009,1004,2.3,22,SSE,,07:51:00,16:02:00,0 days 08:10:59,,05:39:00,18:14:00,06:23:00,17:31:00,07:09:00,16:45:00,11:57:00,147.924
2012-11-17,1.2,-2.2,4.7,0.2,1001,1001,3,22,SSW,,07:53:00,16:01:00,0 days 08:07:20,,05:41:00,18:13:00,06:25:00,17:29:00,07:11:00,16:43:00,11:57:00,147.892
2012-11-18,2.1,-2.2,8.7,1.8,1006,1005,3.9,22,SSW,5.89,07:55:00,15:59:00,0 days 08:03:45,,05:42:00,18:12:00,06:26:00,17:28:00,07:12:00,16:42:00,11:58:00,147.859
2012-11-19,6.4,-0.2,12.7,0.1,990,992,7.9,28,SSW,0.8,07:57:00,15:58:00,0 days 08:00:13,,05:44:00,18:11:00,06:28:00,17:27:00,07:14:00,16:41:00,11:58:00,147.828
2012-11-20,8.8,5.1,12.2,0.0,996,994,7.2,32,SE,1.39,07:59:00,15:56:00,0 days 07:56:45,,05:46:00,18:10:00,06:30:00,17:26:00,07:16:00,16:39:00,11:58:00,147.796
2012-11-21,2.6,1,10,0.1,1003,1002,2.8,22,SSW,2.06,08:01:00,15:55:00,0 days 07:53:22,,05:47:00,18:09:00,06:31:00,17:25:00,07:18:00,16:38:00,11:58:00,147.765
2012-11-22,4.9,-2.1,9.5,1.7,991,990,7.2,40,SSE,0,08:03:00,15:53:00,0 days 07:50:02,,05:49:00,18:08:00,06:33:00,17:24:00,07:20:00,16:37:00,11:59:00,147.735
2012-11-23,1.8,-1.4,5,0.0,998,1006,4.3,24,SSW,4.89,08:05:00,15:52:00,0 days 07:46:48,,05:50:00,18:07:00,06:34:00,17:23:00,07:21:00,16:36:00,11:59:00,147.705
2012-11-24,-0.3,-2.5,2,0.4,1012,1009,0.8,11,SSW,3.39,08:07:00,15:51:00,0 days 07:43:37,,05:52:00,18:06:00,06:36:00,17:22:00,07:23:00,16:35:00,11:59:00,147.676
2012-11-25,3,-2.8,3.2,3.3,1002,1004,0.4,11,N,0,08:09:00,15:49:00,0 days 07:40:32,,05:53:00,18:05:00,06:38:00,17:21:00,07:25:00,16:34:00,11:59:00,147.648
2012-11-26,3.3,0.1,4.4,8.7,1009,1012,3.4,24,N,0,08:11:00,15:48:00,0 days 07:37:31,,05:54:00,18:04:00,06:39:00,17:20:00,07:26:00,16:33:00,12:00:00,147.621
2012-11-27,2.9,2.1,4.2,7.7,1017,1020,4.1,16,N,0,08:13:00,15:47:00,0 days 07:34:36,,05:56:00,18:04:00,06:40:00,17:19:00,07:28:00,16:32:00,12:00:00,147.594
2012-11-28,0.8,1.1,2,0.2,1020,1020,1.1,13,N,0.04,08:14:00,15:46:00,0 days 07:31:46,,05:57:00,18:03:00,06:42:00,17:18:00,07:29:00,16:31:00,12:00:00,147.568
2012-11-29,-1.3,-3.6,-0.3,0.5,1016,1011,0.1,3,SW,2.19,08:16:00,15:45:00,0 days 07:29:02,,05:59:00,18:02:00,06:43:00,17:18:00,07:31:00,16:30:00,12:01:00,147.543
2012-11-30,-1.7,-4.8,0.6,4.0,1012,1012,0.1,4,SW,0.59,08:18:00,15:44:00,0 days 07:26:23,,06:00:00,18:02:00,06:45:00,17:17:00,07:32:00,16:29:00,12:01:00,147.519
2012-12-01,-0.1,-2.5,1.1,0.6,1015,1014,1.7,12,SSE,2.09,08:19:00,15:43:00,0 days 07:23:50,,06:01:00,18:01:00,06:46:00,17:16:00,07:34:00,16:29:00,12:01:00,147.495
2012-12-02,-3.1,-4.6,1.2,1.9,1015,1011,0.5,13,S,3.75,08:21:00,15:42:00,0 days 07:21:24,,06:02:00,18:01:00,06:47:00,17:16:00,07:35:00,16:28:00,12:02:00,147.472
2012-12-03,0.6,-6,1.3,7.2,999,997,2,20,SSW,0,08:23:00,15:42:00,0 days 07:19:03,,06:04:00,18:00:00,06:49:00,17:15:00,07:37:00,16:27:00,12:02:00,147.45
2012-12-04,-0.1,0.2,1.2,5.7,1000,1007,1,17,N,0,08:24:00,15:41:00,0 days 07:16:49,,06:05:00,18:00:00,06:50:00,17:15:00,07:38:00,16:27:00,12:03:00,147.429
2012-12-05,-5,-1.4,2.4,0.0,1011,1014,2.5,16,W,0.08,08:26:00,15:40:00,0 days 07:14:42,,06:06:00,18:00:00,06:51:00,17:15:00,07:39:00,16:26:00,12:03:00,147.409
2012-12-06,-3.8,-10.3,2.7,4.3,999,993,2.5,29,S,0,08:27:00,15:40:00,0 days 07:12:41,,06:07:00,17:59:00,06:52:00,17:14:00,07:41:00,16:26:00,12:03:00,147.389
2012-12-07,0.9,-3,2.8,6.2,1004,1018,3.3,21,N,0,08:28:00,15:39:00,0 days 07:10:48,,06:08:00,17:59:00,06:54:00,17:14:00,07:42:00,16:25:00,12:04:00,147.37
2012-12-08,2.3,-2.3,5.6,2.1,1018,1011,5.8,33,N,7.16,08:30:00,15:39:00,0 days 07:09:01,,06:09:00,17:59:00,06:55:00,17:14:00,07:43:00,16:25:00,12:04:00,147.352
2012-12-09,3.2,0.7,4.6,4.3,1010,1021,9.8,32,SSW,,08:31:00,15:38:00,0 days 07:07:22,,06:10:00,17:59:00,06:56:00,17:14:00,07:44:00,16:25:00,12:05:00,147.334
2012-12-10,1,-0.1,0.9,0.0,1028,1032,1.1,12,SSW,,08:32:00,15:38:00,0 days 07:05:50,,06:11:00,17:59:00,06:57:00,17:13:00,07:46:00,16:25:00,12:05:00,147.316
2012-12-11,-2.4,-5.4,-1.1,0.0,1032,1027,0.1,4,SSW,,08:33:00,15:38:00,0 days 07:04:26,,06:12:00,17:59:00,06:58:00,17:13:00,07:47:00,16:25:00,12:06:00,147.3
2012-12-12,-3.6,-8.2,-0.8,0.0,1019,1012,0.1,4,SSW,,08:35:00,15:38:00,0 days 07:03:09,,06:13:00,17:59:00,06:59:00,17:13:00,07:48:00,16:25:00,12:06:00,147.283
2012-12-13,-4.5,-11.1,2.4,1.4,1007,1001,0.2,16,SSW,,08:36:00,15:38:00,0 days 07:02:00,,06:14:00,17:59:00,07:00:00,17:13:00,07:49:00,16:25:00,12:07:00,147.268
2012-12-14,2.3,-11,4.3,11.1,989,975,7.9,37,ENE,,08:37:00,15:38:00,0 days 07:00:59,,06:15:00,17:59:00,07:01:00,17:14:00,07:49:00,16:25:00,12:07:00,147.252
2012-12-15,2.8,0.9,4.3,0.0,975,984,4.8,23,SSW,,08:38:00,15:38:00,0 days 07:00:06,,06:16:00,17:59:00,07:01:00,17:14:00,07:50:00,16:25:00,12:08:00,147.238
2012-12-16,0.5,-2.3,2.9,0.3,991,994,0.5,7,S,,08:38:00,15:38:00,0 days 06:59:21,,06:17:00,18:00:00,07:02:00,17:14:00,07:51:00,16:25:00,12:08:00,147.223
2012-12-17,1.1,2.1,4.6,0.2,997,1006,1.4,12,NNE,,08:39:00,15:38:00,0 days 06:58:44,,06:17:00,18:00:00,07:03:00,17:14:00,07:52:00,16:25:00,12:09:00,147.209
2012-12-18,-0.1,0.7,5,0.2,1016,1020,0.1,5,WSW,0,08:40:00,15:38:00,0 days 06:58:15,,06:18:00,18:00:00,07:04:00,17:15:00,07:53:00,16:25:00,12:09:00,147.196
2012-12-19,2.1,-3.9,5.7,0.1,1016,1012,9.6,44,SE,0,08:41:00,15:39:00,0 days 06:57:55,,06:19:00,18:01:00,07:04:00,17:15:00,07:53:00,16:26:00,12:10:00,147.184
2012-12-20,4.7,4.8,5.2,1.2,1007,1005,11.3,41,E,0,08:41:00,15:39:00,0 days 06:57:43,,06:19:00,18:01:00,07:05:00,17:15:00,07:54:00,16:26:00,12:10:00,147.172
2012-12-21,3.7,3.3,4.8,1.6,1010,1012,5,31,E,0,08:42:00,15:39:00,0 days 06:57:39,,06:20:00,18:02:00,07:05:00,17:16:00,07:54:00,16:27:00,12:11:00,147.161
2012-12-22,5,2.5,7.2,12.6,1002,991 ,18.8,46,ESE,0,08:42:00,15:40:00,0 days 06:57:44,,06:20:00,18:02:00,07:06:00,17:16:00,07:55:00,16:27:00,12:11:00,147.151
2012-12-23,5.8,3.7,6.7,2.0,979,990,10,41,SW,0.08,08:43:00,15:41:00,0 days 06:57:56,,06:21:00,18:03:00,07:06:00,17:17:00,07:55:00,16:28:00,12:12:00,147.142
2012-12-24,1.4,-2.3,1.9,0.7,993,987,1.5,21,SE,0,08:43:00,15:41:00,0 days 06:58:18,,06:21:00,18:03:00,07:07:00,17:18:00,07:56:00,16:29:00,12:12:00,147.133
2012-12-25,0.9,-3.2,4.2,2.3,985,989,2.4,20 ,SSW,0.7,08:43:00,15:42:00,0 days 06:58:47,,06:21:00,18:04:00,07:07:00,17:18:00,07:56:00,16:29:00,12:13:00,147.126
2012-12-26,0.1,-0.4,1.7,0.5,997,996,0.5,12,ESE,3.93,08:43:00,15:43:00,0 days 06:59:24,,06:22:00,18:05:00,07:07:00,17:19:00,07:56:00,16:30:00,12:13:00,147.119
2012-12-27,0.2,-4.3,4.8,0.2,1004,1011,2.2,16,NE,0,08:44:00,15:44:00,0 days 07:00:10,,06:22:00,18:05:00,07:07:00,17:20:00,07:56:00,16:31:00,12:14:00,147.113
2012-12-28,6.3,-1.4,12.2,0.0,997,986,9.5,41,SSW,0.17,08:44:00,15:45:00,0 days 07:01:04,,06:22:00,18:06:00,07:08:00,17:21:00,07:56:00,16:32:00,12:14:00,147.108
2012-12-29,5.8,4.5,7.5,0.0,985,983,11.5,50,SSW,0.58,08:44:00,15:46:00,0 days 07:02:06,,06:22:00,18:07:00,07:08:00,17:22:00,07:57:00,16:33:00,12:15:00,147.104
2012-12-30,2,0.2,9,3.3,986,989,8.4,29,SSW,0,08:43:00,15:47:00,0 days 07:03:16,,06:22:00,18:08:00,07:08:00,17:22:00,07:57:00,16:34:00,12:15:00,147.101
2012-12-31,4.7,1.2,8.1,0.5,976,994,6.9,34,SSW,0.07,08:43:00,15:48:00,0 days 07:04:33,,06:22:00,18:09:00,07:08:00,17:23:00,07:56:00,16:35:00,12:15:00,147.099
