date,temp_mean,temp_min,temp_max,rain_mm,pressure_early,pressure_late,wind_mean,wind_max,wind_dir,sun_hours
2011-12-01,3.6,-0.4,4.6,0.0,995,1004,4.1,36,SSW,2.7
2011-12-02,2.6,-1.5,7.5,5.5,1003,983,6.5,36,SSW,1.8
2011-12-03,2.4,0.4,4.4,6.0,986,988,9.5,46,SSW,0.75
2011-12-04,-1.6,-0.9,0.4,3.7,988,992,4.5,22,SSW,1.66
2011-12-05,-1.6,-4.2,0.2,2.9,994,998,2.8,17,SSW,1.08
2011-12-06,-2.7,-2.8,1.2,5.1,998,992,"3,7",19,WSW,2.92
2011-12-07,0.2,-5.3,3.8,8.6,989,1005,6.1,39,SSW,0.15
2011-12-08,2.4,-0.8,6.7,14.6,979,981,15.9 ,62,SSW,0.72
2011-12-09,-0.8,0.9,1.4,2.6,1000,1007,6.7,34,WSW,0.75
2011-12-10,-3.2,-8,3.5,0.5,1008,1001,1,10,SSE,1.46
2011-12-11,0.1,-6.2,3.6,0.0,996,992,2,15,SSW,2.08
2011-12-12,0.8,-3,5.1,0.2,991,972,8.1,41,SSW,3.65
2011-12-13,1.9,-0.1 ,4.5,6.9,964,960,12.2,41,SSW,2.39
2011-12-14,2.8,-0.1,5.7,0.1,972,982,10.8,31,SSW,4.44
2011-12-15,-1.3,1.2,2.5,0.0,989,991,2.2,14,SSW,4.8
2011-12-16,-4.9,-8.3,-0.4,0.9,989,1000,0.1,5,NNE,0
2011-12-17,-3,-8.4,0.5,2.3,1006,1012,1.2,13,S,0.97
2011-12-18,-4.4,-7.9,-0.3,0.3,1015,1014,0.3,7,S,0.85
2011-12-19,-3.2,-8.9,3.9,4.0,1007,1002,2.3,22,SSW,0
2011-12-20,0.2,-4.2,2.2,4.3,1010,1011,3.8,22,SSW,0.04
2011-12-21,4.8,0.1,10.5,1.3,1010,1008,5.8,31,SSW,0.03
2011-12-22,9,1.1,10.5,0.3,1012,1004,11,32,SSW,0
2011-12-23,4.2,0.2,4.4,0.0,1007,1014,6.3,33,SSW,3.49
2011-12-24,3.4,-0.1,10.8,0.6,1011,1007,10,34,SSW,1.26
2011-12-25,7.9,4.1,12.6,0.5,1001,1008,14.3,56,SSW,1.39
2011-12-26,8,8.6,13.1,1.1,1008,1014,14.8,50,SSW,0.01
2011-12-27,2.3,-2.1,8.7,2.1,1027,1011,4.5,33,SSE,0
2011-12-28,3.8,-1.4,6.5,9.1,990,1003,14.5,45,SSW,0.11
2011-12-29,0.6,0.6,2.9,4.1,1003,1008,8.9,28,WSW,1.32
2011-12-30,0.1,-2.5,7.1,8.2,1013,999,2.6,23,S,
2011-12-31,5.7,-2,10,4.0,997,988,7.3,28,SSW,
2012-01-01,2.5,3,3.4,0.3,988,991,6.7,30,SSW,3.56
2012-01-02,-0.1,-0.1,3.4,6.6,960,991,7.8,29,SSW,
2012-01-03,1.6,0.5,3.2,6.4,960,991,8.8,38,W,
2012-01-04,1.4,0.5,3.1,15.4,1000,980,9.2,33,WSW,0
2012-01-05,0.7,-1.4,1.9,2.7,993,1015,7.3,31,W,0.78
2012-01-06,2.3,-1.4,7.6,1.4,1007 ,1019,5.6,27,SSW,0.48
2012-01-07,3.6,-1.3,5.9,2.6,1010,1016,9.8,30,WSW,0.15
2012-01-08,5.5,3.4,9.5,1.4,1020,1016,7.3,32,SSW,0
2012-01-09,4.3,4.5,7.9,0.1,1019 ,1022,8,36,SSW,3.91
2012-01-10,6.4,0.2,8.7,0.2,1021,1019,9.5,32,SSW,0.37
2012-01-11,6.1,2.5,10.5,6.3,1024 ,1010,10.8,47,SSW,1.92
2012-01-12,4.8,2.7,5.1,2.0,1019,1027,7.8,36,WSW,1.73
2012-01-13,-1,-2.4,1.4,0.0,1034,1032,0.2,7,SSW,4.94
2012-01-14,-1.8,-5.6,1.2,0.0,1025,1024,0.1,2,S,4.28
2012-01-15,-5,-8.8,-1.5,0.0,1024,1024,0.1,4,NNE,2.15
2012-01-16,-5.1,-9.9,1.2,0.0,1024,1021,1.2,17,S,5.78
2012-01-17,2.4,-9.9,9.5,0.0,1020,1013,3.5,32,S,3.58
2012-01-18,4.2,0.1,6.6,2.3,1010,1010,10.6,37,SSW,4.65
2012-01-19,0.1,0.2,2.4,6.7,1007,1006,6.8,28,SSW,0.86
2012-01-20,1.8,-1.5,6.8,4.8,1011,1001,4.9,25,SSW,0
2012-01-21,3,-0.5,4.2,10.5,996,1001,12.7,41,WSW,0.48
2012-01-22,2,0.6,4.6,1.9,1000,1008,6.8,26,WSW,2.44
2012-01-23,0.3,1.1,2.3 ,0.0,1010,1016,5.3,23,SW,0.62
2012-01-24,0.7,-3,8.9,0.8,1012,1010,1.2,16,ESE,0.05
2012-01-25,5.3,-2.3,2.4,2.4,1000,995,7.8,35,SSE,0
2012-01-26,-0.8,-3.5,9.9,0.0,999,1001,0.4,9,SE,2.26
2012-01-27,-0.1,-3.2,2,0.0,1009,1023,0.6,11,SW,3.53
2012-01-28,0,-4.2,2.9,0.0,1030,1032,0.1,5,SW,1.67
2012-01-29,0.2,-4,4.9,0.0,1031,1030,4.8,28,ESE,5.6
2012-01-30,0.6,0.2,3.5,0.0,1029,1029,6.1,25,ESE,4.21
2012-01-31,0.7,-1.6,3.4,0.0,1031,1036,5.8,22,ESE,3.68
2012-02-01,-2,-2.1,3.5,0.0,1038,1039,3,19,SSE,7.03
2012-02-02,-4.1,-7.5,1.6,0.0,1038,1036,9.9,11,SE,5.38
2012-02-03,-5.3,-11.8,4.8,0.0,1037,1034,0.7,13,SSW,7.04
2012-02-04,-1.1,-11.4,5.2,0.0,1024,1019,3.7,30,SSE,0
2012-02-05,2.2,-1.4,4.4,0.0,1022,1028,2.4,16,SSW,1.31
2012-02-06,-0.6,-3,4.6,0.0,1034,1037,0.1,4,SW,5.97
2012-02-07,-3.9,-10,3.3,0.0,1039,1038,1.3,16,SW,7.45
2012-02-08,0.1,-9.5,4.8,7.1,1035,1033,5.5,24,S,0.82
2012-02-09,4.8,1.5,6.8,0.0,1033,1034,1.3,17,S,0
2012-02-10,2,-2.7,5.9,0.1,1031,1030,2.6,17,SW,0.04
2012-02-11,4.2,-0.7,5.7,1.4,1032,1035,0.8,8,SSE,0.29
2012-02-12,2.6,-1.3 ,5.9,0.8,1036,1032,2.5,14,SW,3.01
2012-02-13,5.1,-1.2,8,0.0,1026,1029,6.2,27,WSW,0.13
2012-02-14,6.1,2.5,8.7,1.0,1025,1023,7.5,30,W,0
2012-02-15,6.2,5.6,8.4,0.1,1024,1025,7.6,27,W,0.23
2012-02-16,7.6,4.8,12.2,0.3,1017,1017,8.8,33,WSW,3.87
2012-02-17,5.2,2.6,8,6.3,1014,1000,7.8,32,SW,0.52
2012-02-18,2.4,-0.1,3.5,2.3,993,1008,4,17,WSW,2.64
2012-02-19,-0.7,-4.1,5.7,1.1,1021,1023,5,21,WSW,2.01
2012-02-20,5.6,-1.9,11.2,1.0,1011,1012,10.8,39,SSW,1.18
2012-02-21,9.9,5.4,12.5,0.8,1013,1007,8.9,33,SSW,0.47
2012-02-22,9.5,5.6,13.5,0.2,1000,1005,7.3,32,SW,0.87
2012-02-23,10.5,7.2,13.9,0.1,1008,1009,13.5,45,SW,0.44
2012-02-24,6.4,4.9,8.3,0.0,1015,1021,12.8,37,WSW,3.09
2012-02-25,6.1,3.2,8.7,1.1,1019,1022,6,27,SW,2.42
2012-02-26,7.7,2.9,12.4,0.0,1023,1015,6,24,SSW,3.84
2012-02-27,11,4.8,14,0.0,1011,1012,9.4,35,SSW,0.49
2012-02-28,11.2,9.6,13.7,0.0,1015,1017,7.5,30,SSW,0.16
2012-02-29,9.6,8,11.2,0.0,1016,1016,6.1,27,SW,0.43
2012-03-01,7.9,6.9,11.2,0.7,1018,1026,4.5,23,NE,0.09
2012-03-02,7.5,2.7,11.7,0.0,1025,1018,5.1,24,ESE,3.04
2012-03-03,5.4,5.1,10.3,0.0,1009,1010,9.3,39,SE,3.3
2012-03-04,1.8,-1.9,7.4,0.1,1015,1019,1.8,15,SSW,1.53
2012-03-05,1.6,-6.2,8.8,0.0,1025,1026,1.4,15,NW,6.86
2012-03-06,2.9,-5.4,11.3,2.1,1018,1002,6.7,41,SSW,0.62
2012-03-07,5.8,3.7,5.5,1.8,1001,1009,8.2,32,SSW,2.47
2012-03-08,5.4,0.2,13,0.1,1018,1019,10.6,34,SSW,2.69
2012-03-09,9.4,3.4,12.9,0.0,1015,1023,13.7,42,SSW,3.39
2012-03-10,7.9,6,9.6,0.0,1027,1033,10.9,32,WSW,0
2012-03-11,9.3,6.7,12,0.0,1033,1033,8.6,28,SSW,1.24
2012-03-12,9,7.1,11,0.0,1033,1033,6,20,WSW,0
2012-03-13,7.6,4,10.9,0.0,1033,1032,2.9,15,SW,0
2012-03-14,7.8,0,11.2,0.0,1026,1022,4.5,22,SSW,1.96
2012-03-15,6.6,4.7,12,0.0,1018,1015,5.2,27,SSW,0.31
2012-03-16,6.4,0.2,12.4,0.0,1005,1006,5.2,33,SSW,1.04
2012-03-17,4.4,-1,9.9,0.5,1006,1013,5.4,32,W,} 48.54
2012-03-18,2.4 ,-4.2,9,0.2,1017,1021,3.8,21,WSW,
2012-03-19,6.6,1.6,11.2,0.0,1021,1018,11.5,39,SSW,
2012-03-20,10.8,7,12.9,0.0,1023,1025,12.7,36,SSW,
2012-03-21,7.8,8.4,14.9,0.0,1028,1031,7.8,31,SSW,
2012-03-22,7.7,-3.4,17.7,0.0,1033,1031,0.5,9,NE,
2012-03-23,5.5,-5,15.9,0.0,1029,1027,2.5,19,ESE,
2012-03-24,9.4,1.4,16.5,0.0,1029,1030,0.3,9,W,
2012-03-25,10.6,0,20.9,0.0,1033,1034,2.7,21,SSW,
2012-03-26,11.4,-1.2,23.2,0.0,1037,1036,0.9,13,SSE,9.94
2012-03-27,9.3,-3.2,21.9,0.0,1037,1034,2.2,21,SSW,11.47
2012-03-28,10.6,1.2,8.6,0.0,1033,1030,4.6,26,WSW,3.65
2012-03-29,11.2,8.6,14.6,0.0,1029,1027,6.6,25,SSW,5.29
2012-03-30,11.4,5.8,16.7,1.3,1025,1021 ,6.9,30,SW,10.89
2012-03-31,3.7,3.9,10.1,0.0,1023,1024,4.7,20,N,7.58
2012-04-01,4.1,-2.8,10.7,1.8,1019,1015,5.5,25,W,0
2012-04-02,3.5,1.8,6.9,16.0,1012,1005,4.4,14,N,0
2012-04-03,1.2,-1,3.8,8.2,1010,1018,3.3,30,NNE,3.64
2012-04-04,1.2,-5.1,5.3,1.2, 1023,1025,2.4,16,N,1.9
2012-04-05,1.1,-5.2,7.1,2.2,1023,1019,3.5,18,SSW,0.01
2012-04-06,6.4,2.1,9.1,5.0,1011,1013,2.4,14,SSW,0
2012-04-07,6.1,2.1,9.8,0.7,1014,1012,2.6,15,SSW,0
2012-04-08,7.7,4.9,12,0.8,1007,997,6,29,SSW,0.06
2012-04-09,6.6,3.1,12.2,0.3,987,980,3.8,19,SSW,3.18
2012-04-10,3.9,-0.4,8.2,2.5,979,887,2.1,14,NE,0.01
2012-04-11,6.6,2.8,10.5,3.8,994,1001,2.2,20,N,1.66
2012-04-12,3.9,-1.4,9,5.0,1005,1008,2.2,20,N,2.99
2012-04-13,3.7,-0.7,7.9,5.2,1008,1010,2.8,28,N,2.83
2012-04-14,3.3,-0.5,7,2.3,1015,1019,3.8,25,N,3.58
2012-04-15,3.4,-0.5,6.7,0.3,1024,1026,3.8,26,N,2.29
2012-04-16,4.6,-1.5,10.2,6.8,1024,1011,3.4,25,SSE,6.89
2012-04-17,4.1,2.8,9.8,3.3,988,986,6.4,33,SE,0.71
2012-04-18,4,-2.6,10.2,3.1,987,990,1.5,20,ENE,4.09
2012-04-19,4,-0.8,8.7,3.5,993,993,2.6,17,N,0.21
2012-04-20,7.3,4.3,10.5,13.7,991,993,1.8,20,N,0.44
2012-04-21,6.2,4.3,8.2,5.8,995,999,2.1,19,N,0.01
2012-04-22,6.6,3.8,9.5,2.1,1001,1002,1.7,17,N,0.2
2012-04-23,6.4,2.9,9.8,10.2,1001,1000,2.4,18,N,1.47
2012-04-24,5.4,3.2,7.5,26.7,998,996,5.8,27,NNE,0
2012-04-25,3.8,4.4,6.1,8.0,997,1006,9.5,35,N,0
2012-04-26,3.8,0.9,7.2,5.5,1012,1021,3.6,20,N,0.57
2012-04-27,4.1,-1.8,10.3,0.0,1027,1027,1.3,11,N,7.52
2012-04-28,3.5,-5.2,11.1,4.4,1023,1018,3.4,20,N,13.77
2012-05-01,9.1,2.4,17.9,0.0,1029,1027,2.1,14,ENE,10.53
2012-05-02,10.4,0.6,18.6,0.0,1028,1023,2.1,14,N,10.35
2012-05-03,10.5,2.9,17.6,4.5,1017,1012,3,18,N,9.61
2012-05-04,3.9,3,7,0.9,1013,1014,7.8,26,N,2.1
2012-05-05,4.5,-0.4,8.5,2.6,1014,1014,3.7,26,N,4.29
2012-05-06,5,0.3,10.2,0.0,1015,1016,2,18,N,8.01
2012-05-07,3.6,-3.6,10.9,1.5,1014,1008,2.9,19,N,1.46
2012-05-08,6.9,3.9,11,0.1,1001,1002,4.2,21,N,0.53
2012-05-09,6.9,0.5,13,2.5,1007,1011,2.7,15,N,0.95
2012-05-10,4.7,4.6,7.1,16.3,1008,1012,4.6,19,NE,0
2012-05-11,4.8,1.8,8.5,2.6,1017,1030,3.6,21,N,0.78
2012-05-12,7.6,0.3,13.8,0.0,1035,1030,7.0 ,28,SSW,6.77
2012-05-13,8.6,7.1,12.5,1.3,1013,1000,17.5,58,SSW,1.6
2012-05-14,7.7,4.1,11.5,4.4,1003,1008,7,32,SSW,0.82
2012-05-15,5.1,2.2,9.8,0.2,1016,1021,5,25,WNW,2.94
2012-05-16,4.1,-1.7,8.3,6.2,1022,1022,3.2,23,N,2.06
2012-05-17,4.5,1.2,7.7,1.3,1016,1016,4.1,17,NE,0
2012-05-18,4.6,1.7,8.2,2.1,1016,1018,3.7,19,NE,0.15
2012-05-19,6.8,2.8,8.3,0.0,1017,1016,2.1,14,N,1.75
2012-05-20,8.1,-2.2,17.7,0.0,1014,1012,1.4,14,N,10.1
2012-05-21,10.9,-0.7,21.4,0.0,1012,1014,1.9,17,E,12.44
2012-05-22,13.5,3.2,23.6,0.0,1016,1021,4.3,22,SE,10.91
2012-05-23,18.2,7.9,28.4,1.5,1024,1025,3.5,20,NNE,12.62
2012-05-24,18.3,13,24.8,1.4,1029,1030,1.5,14,NW,4.09
2012-05-25,19.8,11.6,28,0.0,1031,1029,3.7,21,ESE,10.81
2012-05-26,17.8,8,27.3,0.0,1029,1025,2,16,E,15.85
2012-05-27,17.6,5.1,29,0.0,1024,1020,1.5,18,NE,15.42
2012-05-28,12.2,7.3,16.8,0.5,1019,1019,4.2,20,N,10.15
2012-05-29,9.3,7.2,11.2,0.0,1017,1017,2.3,11,NNE,0
2012-05-30,10,7.7,12.2,1.8,1017,1017,0.7,11,SSE,0
2012-05-31,10.5,9.4,13,0.5,1015,1019,1.8,14,NE,2.13
2012-06-01,10.3,5.5,15.6,0.4,1021,1021,2.3,27,NNE,6.09
2012-06-02,7.2,2.8,13.7,1.1,1020,1017,2.9,16,N,6.8
2012-06-03,6.6,0.1,12.8,1.7,1015,1017,2.9,20,NE,6.95
2012-06-04,8.2,2.8,13.9,0.2,1018,1016,3,21,N,2.52
2012-06-05,8.3,0.2,15.6,0.3,1012,1005,2.8,21,ESE,5.17
2012-06-06,10.9,7.7,14.1,7.8,999,998,2.1,11,NNE,0
2012-06-07,13.7,7.8,19.5,0.4,998,996,3,21,NE,1.55
2012-06-08,13.5,9.9,17.1,0.3,993,999,5.2,25,NE,0.99
2012-06-09,11.1,9.9,13,0.0,1004,1008,1.9,11,N,0
2012-06-10,10.1,7.8,12.4,0.0,1009,1009,1.6,12,NE,0
2012-06-11,9.3,7,12,3.3,1009,1011,2.1,13,N,0
2012-06-12,9.4,5.6,13.2,4.0,1012,1015,2.8,17,N,1.14
2012-06-13,9.1,4.6,13.6,0.3,1017,1019,1.8,14,NE,2.38
2012-06-14,11.4,6.2,16.4,0.0,1019,1017,3.9,21,ESE,1.4
2012-06-15,7.7,6.5,9.5,0.8,1012,1006,3.8,18,NE,0.36
2012-06-16,7.8,6.5,10.9,2.4,1004,1005,3.2,15,NE,0
2012-06-17,9.1,6.4,11.1,2.9,1011,1016,0.8,11,N,0
2012-06-18,11.6,7,16.4,3.6,1015,1015,1.3,14,NNE,2.94 
2012-06-19,11.5,5.2,17.2,5.3,1014,1017,2.3,22,SSW,5.6
2012-06-20,12.1,5.2,18.1,0.2,1019,1013,2.1,17,ESE,4.58
2012-06-21,10.4,8.2,12.6,7.0,1013,1005,3.9,25,N,0.13
2012-06-22,14.4,10.3,18.2,3.6,998,1001,3,16,NE,0.77
2012-06-23,12.7,10.6,15.2,25.4,1004,1007,2.9,14,NW,0
2012-06-24,11.3,9.9,12.9,1.9,1011,1016,4,19,WNW,0
2012-06-25,11.6,9,17.2,0.0,1016,1019,2.2,13,NW,3.51
2012-06-26,12.9,4.3,21.3,4.6,1018,1015,1.8,17,SE,2.86
2012-06-27,14.8,11.2,17.8,2.0,1013,1010,0.7,14,SSW,0
2012-06-28,14.6,11.3,18.1,5.4,1004,993,2.4,23,ESE,0
2012-06-29,15.5,11.1,20.5,0.4,990,991,4.2,25,SSW,3.46
2012-06-30,15.3,10.3,20.2,2.3,996,1000,6.6,26,SSW,2.16
2012-07-01,10.4,9.9,12.7,1.4,1003,1009,2,13,N,0
2012-07-02,10.8,5.9,17.3,2.7,1010,1010,1.8,17,ESE,0.03
2012-07-03,16.8,12.2,21.5,0.2,1009,1008,4.3,20,ESE,1.75
2012-07-04,17.5,14.3,22.2,0.0,1007,1009,2.8,18,ESE,2.04
2012-07-05,17.5,9.6,17.8,0.0,1012,1014,2.4,21,ESE,5.79
2012-07-06,17.4,9.6,22.9,1.0,1015,1015,4.2,23,NE,} 2.30
2012-07-07,10.8,10.8,11.2,26.0,1015,1014,4.5,20,NNW,
2012-07-08,11.4,9.5,13.1,0.9,1010,1011,2.5,14,NNW,
2012-07-09,11.3,9.3,13.4,2.4,1013,1012,2.8,14,NNW,
2012-07-10,11.3,9.5,13.5,11.9,1010,1009,1.3,1,NE,
2012-07-11,11.1,8.2,13.5,0.9,1009,1010,2,13,NNE,0
2012-07-12,10.9,8,13.7,0.8,1010,1008,2.3,14,NNW,0
2012-07-13,10.2,8.3,11.9,0.3,1005,1005,1,12,NNE,0
2012-07-14,11.4,7.5,15.1,0.4,1006,1006,3.2,16,N,1.53
2012-07-15,11.8,7.5,14.8,10.1,1005,1010,5.3,23,SSW,0.65
2012-07-16,13.4,9.2,18.4,0.0,1011,1014,4.1,18,SSW,0.82
2012-07-17,12.8,6.5,18,9.7,1016,1013,2.3,16,SSW,1.59
2012-07-18,10.6,11,12.6,10.8,1005,1007,2.7,17 ,NE,0
2012-07-19,11,8.2,13.6,0.3,1011,1014,3.1,28,N,1.25
2012-07-20,11.5,8.1,16.2,0.0,1017,1019,0.8,9,WSW,0
2012-07-21,12.1,5.3,16.3,1.5,1021,1020,3.2,19,SSW,2.15
2012-07-22,15.8,10.6,21.1,0.0,1011,1009,8.9,37,SSW,0.11
2012-07-23,14.6,14.2,18.9,0.3,1011,1013,7.1,30,SSW,0.53
2012-07-24,15.3,9.4,20.8,0.0,1014,1017,4.2,24,SSW,13.76
2012-07-25,14.5,8.9,19.4,0.0,1020,1022,1.5,11,NE,
2012-07-26,13.8,7,20.1,0.0,1019,1014,2.8,18,SE,
2012-07-27,12.3,6.2,18.2,0.3,1007,1005,7.7,33,S,8.78
2012-07-28,11.1,5.9,16.1,7.9,1003,1002,2,12,SSW,1.78
2012-07-29,11.8,8.5,15.4,2.0,1002,1007,2.8,25,SSW,1.23
2012-07-30,10.9,7.3,15.3,3.3,1002,1001,1.3,14,SSW,8.68
2012-07-31,12,3.8,19.9,3.3,1002,1001,2.7,21,ESE,
2012-08-01,12,3.8,19.9,3.3,1002,1001,2.7,21,ESE,0
2012-08-02,13.1,12.2,17.8,0.8,1005,1007,0.9,9,SSW,0.28
2012-08-03,15.5,7.6,21.4,0.0,1008,1009,0.9,18,N,5.54
2012-08-04,14.4,8.1,20.5,0.0,1009,1008,2.2,14,NE,11.66
2012-08-05,16.1,11.7,20.1,0.0,1007,1006,2.5,16,N,
2012-08-06,14.9,11.5,18.2,3.0,1007,1010,0.7,8,NE,
2012-08-07,13.2,11.5,17.2,0.1,1014,1020,1.2,14,NE,0.21
2012-08-08,12.8,8.1,18.5,0.0,1023,1024,0.9,13,N,1.77
2012-08-09,14.6,6.5,19.7,0.0,1026,1028,1.1,12,N,44.08
2012-08-10,13.6,4.6,21.4,0.0,1028,1027,1,13,N,
2012-08-11,14.6,7.5,22.5,0.0,1023,1018,3,20,ESE,
2012-08-12,11.8,4.2,19.5,0.0,1015,1012,6,28,ESE,
2012-08-13,18,14.9,21.3,0.0,1008,1008,6.7,30,ESE,
2012-08-14,14.8,15.4,22.5,5.5,1008,1012,2.9,20,ESE,
2012-08-15,14.5,7.7,21.4,3.1,1009,1002,5,28,ESE,
2012-08-16,15.8,12.2,21.7,3.2,1007,1011,3.6,28,ESE,
2012-08-17,15.3,12.8,21.7,4.1,1004,1006,1.4,14,S,
2012-08-18,15.2,6.5,23.4,0.0,1006,1015,4,26,S,5.47
2012-08-19,15.9,9.1,24.5,1.5,1014,1015,0.8,15,S,7.82
2012-08-20,13.8,5.9,21.3,0.0,1013,1015,2.9,23,SSW,4.46
2012-08-21,14.2 ,7.2,20.1,1.1,1011,1006,0.9,14,SE,1.59
2012-08-22,14.3,8.7,18,0.3,1006,1008,5.1,20,SSW,0.66
2012-08-23,13.8,9.2,17.9,2.7,1008,1004,2.8,21,SSW,4.59
2012-08-24,13.2,9.4,16.2,15.9,1003,1002,0.8,12,ESE,0
2012-08-25,11.4 ,10.9,15.1,4.1,1005,1011,2,14,N,0
2012-08-26,12.5,7.3,16.7,0.2,1015,1013,2,22,N,5.55
2012-08-27,12.7,9.3,16.1 ,2.1,1000,997,6.6,33,SE,0
2012-08-28,12.1,9.4,17.2,0.0,1001,1005,7.5,38,SSW,9.74
2012-08-29,11.2,6.5,15.3,3.9,1002,1009,3.1,23,N,0
2012-08-30,6.9,5.4,14.7,0.0,1022,1028,3,21,N,7.67
2012-08-31,5.9,-2.5,15.4,1.8,1025,1019,4.1,21,SSW,1.17
2012-09-01,14.7,5.9,17.3,0.1,1013,1014,8.3,34,SSW,1.88
2012-09-02,15.2,11.4,18.7,0.0,1019,1020,7.3,26,SSW,0.81
2012-09-03,16.5,13.2,20.9,0.1,1017,1013,7.8,32,SSW,0.19
2012-09-04,13,10.1,16.3,0.0,1016,1022,9.3,37,SW,6.82
2012-09-05,12.7,9.4,16.2,0.0,1026,1025,3.6,23,SSW,2.5
2012-09-06,13.3,8.8,16.9,0.0,1013,1016,6.9,37,SSW,0
2012-09-07,16.5,11.8,20.5,0.0,1018,1017,4.8,20,SSW,6.83
2012-09-08,15.3,13.9,21.9,0.0,1014,1009,5.7,25,SSW,24.5
2012-09-09,11.8,5.1,17.9,0.4,1000,996,2.9,22,S,
2012-09-10,8.3,10.5,12.2,1.0,1001,1001,2.1,17,SSW,
2012-09-11,7.6,2.8,11.8,1.0,1003,1005,6.3,30,SSW,
2012-09-12,8.7,4.4,13.1,2.5,1009,1015,3.9,20,N,
2012-09-13,10.4,3.9,14.6,1.8,1004,993,11.1,41,SSW,
2012-09-14,11.6,8.5,15,0.0,1001,1009,8.6,30,N,
2012-09-15,14.1,9.6,17.5,0.0,1007,1002,9,32,SSW,
2012-09-16,10.8,9.7,15.5,0.4,999,1001,5.3,32,SSW,2.55
2012-09-17,9.3,4.7,14.2,5.1,999,1000,4.8,28,SSW,3.32
2012-09-18,7.6,4,11.3,3.6,1008,1014,3.1,24,SW,3.78
2012-09-19,7.4,2.6,12.1,2.5,1016,1015,2.3,22,SSW,3.1
2012-09-20,7,2.1,12.5,0.8,1015,1018,0.5,9,ENE,0.95
2012-09-21,5.7,0.4,10.4,1.2,1019,1021,1,16,N,1.71
2012-09-22,5.9,2.9,13.2,0.0,1020,1018,0.8,17,NE,6.93
2012-09-23,5.1,-3.4,13.2,0.1,1012,1008,3.3,20,ESE,5.2
2012-09-24,8.2,8.9,11.8,11.6,1000,995,6,31,NE,16.91
2012-09-25,9,7.4,10.8,19.7,990,997,8.1,35,N,
2012-09-26,9.6,7.4,12.9,3.2,1001,1004,2.2,14,N,
2012-09-27,8.3,9.5,10.9,-1.0,1004,999,3.9,21,SSW,
2012-09-28,9.4,9.9,12.6,0.7,998,1000,8.4,33,SSW,
2012-09-29,9.6,5.9,12.6,1.4,1008,1006,5.9,24,SSW,
2012-09-30,12.8,5.4,16.4,1.0,999,999,8,32,SSW,
2012-10-01,9.6,5.1,13.8,0.1,998,997,1.5,23,SSW,1.61
2012-10-02,7.2,1.7,12.3,1.8,995,991,1.5,21,NE,0.95
2012-10-03,7.1 ,0.4,10.4,0.0,994,999,1.7,19,SSW,0.82
2012-10-04,5.1,1.6,10.9,0.1,1002,999,2,18,SSW,1.35
2012-10-05,6.8,-3,12.9,2.7,1001,1005,1.5,15,S,16.7
2012-10-06,6.5,1.7,12.9,0.7,1012,1018,3.3,21,SSW,
2012-10-07,6,-2.6,13.4,0.3,1021,1019,1.5,16,SSW,
2012-10-08,3.4,3.9,11.2,0.0,1016,1019,1.8,19,SE,
2012-10-09,4.2,-5.4,11.2,0.0,1018,1017,0.7,13,WNW,
2012-10-10,5.6,-0.6,12.6,0.0,1013,1007,0.1,5,SW,8.54
2012-10-11,7.2,-2.3,15.7,5.1,1003,1004,4.5,23,ESE,0.66
2012-10-12,8.6,9,14.6,18.8,997,997,2.3,20,ENE,0
2012-10-13,8.1,6.2,10.2,1.0,1001,1002,0.9,13,NNE,0.24
2012-10-14,6,4.6,10.5,4.6,1006,1002,2.1,17,N,1.1
2012-10-15,2.7,0.9,7.6,5.2,997,996,0.9,11,SE,1.2
2012-10-16,0.5,-2.6,4.6,0.0,995,1000,0.2,8,SE,0.45
2012-10-17,0.4,-4.1,6,5.1,996,998,1.2,11,NE,0
2012-10-18,6.2,-3.1,8.4,5.9,1001,1007,0.6,10,N,0
2012-10-19,5.8,4.4,7.8,2.6,1010,1008,1.1,14,N,0
2012-10-20,5.6,3.5,9.7,0.0,1012,1017,0.6,11,SSW,0.34
2012-10-21,5.7,-0.1,13.6,0.0,1021,1025,0.9,13,SE,7.92
2012-10-22,4.1,-1.5,10.4,0.0,1028,1030,0.1,6,SSW,9.27
2012-10-23,5.1,-1,11.5,0.1,1031,1031,0.1,3,SSW,
2012-10-24,3.1,-1,7.5,0.9,1029,1025,0.1,5,NE,
2012-10-25,3.3,-0.2,7.2,0.3,1025,1026,2.2,22,N,
2012-10-26,0.7,-1,3.6,3.1,1021,1023,3.6,25,N,2.07
2012-10-27,2,-1.7,6.7,5.0,1021,1009,4.2,18,SSW,1.39
2012-10-28,6.4,1,8.6,2.6,999,1005,3,17,N,0
2012-10-29,2.5,3.1,4.1,0.8,1008,1002,2.2,12,N,0.94
2012-10-30,3.8,-0.1,6.9,1.2,990,997,4,30,S,0.05
2012-10-31,2.8,2.3,4.8,0.5,974,975,1.2,19,SSE,0.64
2012-11-01,-0.2,-3.1,2.8,0.0,973,971,0.7,17,NW,0
2012-11-02,2.3,-3.5,6.1,0.0,974,985,3.6,19,SSE,1.9
2012-11-03,0.8,-4.6,6.2,0.0,988,990,2.1,19,E,2.91
2012-11-04,2.1,-3.1,6.6,0.0,994,1003,0.3,11,SE,3.14
2012-11-05,1.3,-2.8,7.8,2.8,1008,1014,1,12,SE,0.56
2012-11-06,6.3,-2,10.4,0.3,1010,1014,7.1,24,WSW,0
2012-11-07,9.1,7.2,11.4,0.0,1010,1005,9.6,32,SSW,0.85
2012-11-08,6.5,7.1,9,0.0,1009,1005,7.1,28,SW,0.77
2012-11-09,5.4,3.8,8.9,0.6,994,990,7.3 ,31,SSW,2.82
2012-11-10,3.8,0.5,7,0.4,998,994,3,17,SSW,1.16
2012-11-11,1.4,1.9,5.4,0.0,1016,1014,2.9,18,SSW,0.68
2012-11-12,1.4,-5.5,8.3,1.8,1011,1010,1.2,23,SSW,10.41
2012-11-13,7.2,-3.4,13.9,0.4,1010,1016,4,32,SSW,
2012-11-14,5,3.2,9.4,0.0,1020,1022,2.1,18,SSW,
2012-11-15,3.1,-2.2,8.6,0.0,1020,1012,3.3,25,S,
2012-11-16,5.4,-2.1,8.5,1.7,1009,1004,2.3,22,SSE,
2012-11-17,1.2,-2.2,4.7,0.2,1001,1001,3,22,SSW,
2012-11-18,2.1,-2.2,8.7,1.8,1006,1005,3.9,22,SSW,5.89
2012-11-19,6.4,-0.2,12.7,0.1,990,992,7.9,28,SSW,0.8
2012-11-20,8.8,5.1,12.2,0.0,996,994,7.2,32,SE,1.39
2012-11-21,2.6,1,10,0.1,1003,1002,2.8,22,SSW,2.06
2012-11-22,4.9,-2.1,9.5,1.7,991,990,7.2,40,SSE,0
2012-11-23,1.8,-1.4,5,0.0,998,1006,4.3,24,SSW,4.89
2012-11-24,-0.3,-2.5,2,0.4,1012,1009,0.8,11,SSW,3.39
2012-11-25,3,-2.8,3.2,3.3,1002,1004,0.4,11,N,0
2012-11-26,3.3,0.1,4.4,8.7,1009,1012,3.4,24,N,0
2012-11-27,2.9,2.1,4.2,7.7,1017,1020,4.1,16,N,0
2012-11-28,0.8,1.1,2,0.2,1020,1020,1.1,13,N,0.04
2012-11-29,-1.3,-3.6,-0.3,0.5,1016,1011,0.1,3,SW,2.19
2012-11-30,-1.7,-4.8,0.6,4.0,1012,1012,0.1,4,SW,0.59
2012-12-01,-0.1,-2.5,1.1,0.6,1015,1014,1.7,12,SSE,2.09
2012-12-02,-3.1,-4.6,1.2,1.9,1015,1011,0.5,13,S,3.75
2012-12-03,0.6,-6,1.3,7.2,999,997,2,20,SSW,0
2012-12-04,-0.1,0.2,1.2,5.7,1000,1007,1,17,N,0
2012-12-05,-5,-1.4,2.4,0.0,1011,1014,2.5,16,W,0.08
2012-12-06,-3.8,-10.3,2.7,4.3,999,993,2.5,29,S,0
2012-12-07,0.9,-3,2.8,6.2,1004,1018,3.3,21,N,0
2012-12-08,2.3,-2.3,5.6,2.1,1018,1011,5.8,33,N,7.16
2012-12-09,3.2,0.7,4.6,4.3,1010,1021,9.8,32,SSW,
2012-12-10,1,-0.1,0.9,0.0,1028,1032,1.1,12,SSW,
2012-12-11,-2.4,-5.4,-1.1,0.0,1032,1027,0.1,4,SSW,
2012-12-12,-3.6,-8.2,-0.8,0.0,1019,1012,0.1,4,SSW,
2012-12-13,-4.5,-11.1,2.4,1.4,1007,1001,0.2,16,SSW,
2012-12-14,2.3,-11,4.3,11.1,989,975,7.9,37,ENE,
2012-12-15,2.8,0.9,4.3,0.0,975,984,4.8,23,SSW,
2012-12-16,0.5,-2.3,2.9,0.3,991,994,0.5,7,S,
2012-12-17,1.1,2.1,4.6,0.2,997,1006,1.4,12,NNE,
2012-12-18,-0.1,0.7,5,0.2,1016,1020,0.1,5,WSW,0
2012-12-19,2.1,-3.9,5.7,0.1,1016,1012,9.6,44,SE,0
2012-12-20,4.7,4.8,5.2,1.2,1007,1005,11.3,41,E,0
2012-12-21,3.7,3.3,4.8,1.6,1010,1012,5,31,E,0
2012-12-22,5,2.5,7.2,12.6,1002,991 ,18.8,46,ESE,0
2012-12-23,5.8,3.7,6.7,2.0,979,990,10,41,SW,0.08
2012-12-24,1.4,-2.3,1.9,0.7,993,987,1.5,21,SE,0
2012-12-25,0.9,-3.2,4.2,2.3,985,989,2.4,20 ,SSW,0.7
2012-12-26,0.1,-0.4,1.7,0.5,997,996,0.5,12,ESE,3.93
2012-12-27,0.2,-4.3,4.8,0.2,1004,1011,2.2,16,NE,0
2012-12-28,6.3,-1.4,12.2,0.0,997,986,9.5,41,SSW,0.17
2012-12-29,5.8,4.5,7.5,0.0,985,983,11.5,50,SSW,0.58
2012-12-30,2,0.2,9,3.3,986,989,8.4,29,SSW,0
2012-12-31,4.7,1.2,8.1,0.5,976,994,6.9,34,SSW,0.07
2013-01-01,2.6,0.2,5,8.8,994,1011,5.7,23,SSW,0.31
2013-01-02,6.1,1.5,10.9,0.1,1010,1012,6.8,29,SW,2.94
2013-01-03,8.9,3.9,10.4,0.0,1021,1024,10.6,32,SSW,1.98
2013-01-04,8.5,7.2,10.4,0.0,1028,1029,8.5,32,SSW,0
2013-01-05,5.8,1.4,10.2,0.1,1026,1024,3.8,23,SSW,0
2013-01-06,5.1,0.1,9.6,0.0,1027,1020,2.4,30,S,0
2013-01-07,6.8,0.5,7.2,5.4,1018,1016,0.7,11,S,0 
2013-01-08,5.6,2,10.6,0.0,1013,1018,3.4,30,SSW,1.16
2013-01-09,4.1,0.7,6.1,0.3,1019,1017,3.7,16,SW,0.32
2013-01-10,0.8,2,5.6,0.0,1016,1015,0.7,11,SE,1.01
2013-01-11,-0.7,-5.8,3.3,0.0,1016,1015,0.1 ,5,SW,1.7
2013-01-12,-2.3,-6.5,2,1.1,1017,1019,1.1,13,SSW,2.04
2013-01-13,-1.6,-3.3,1.4,0.5,1017,1015,1.1,13,SSE,0
2013-01-14,-2.7,-5.8,0.5,2.8,1009,1009,1.2,12,SSE,2.29
2013-01-15,-5.6,-4.6,-2.4,0.0,1013,1012,0.1,4,SSW,5.22
2013-01-16,-6.8,-12.3,0.1,0.0,1012,1014,0.1,3,N,0
2013-01-17,-0.7,-9.1,2,0.2,1015,1010,6,31,SE,3.06
2013-01-18,-0.5,-0.4,-0.6,1.2,1007,1004,10.2,32,E,1.46
2013-01-19,-0.4,-0.8 ,1.6,0.2,1007,1009,5.4,23,ENE,0.17
2013-01-20,-1.6,-1.9,1.1,0.2,1006,1004,2.1,14,ENE,0
2013-01-21,-0.9,-1.9,1,2.6,1004,1004,9,31,ENE,0
2013-01-22,0.5,-0.9,0.3,0.0,1008,1011,6.1,32,ENE,0.27
2013-01-23,-3.2,-6.8,1,0.0,1012,1016,0.8,14,SSE,0
2013-01-24,-1.9,-6.8,2.1,0.0,1018,1014,1.3,15,NNE,3.22
2013-01-25,1.3,-3.9,2.9,3.0,1006,994,2.4,19,SSE,0
2013-01-26,2,-0.4,6,1.9,997,983,6.3,31,SSW,4.24
2013-01-27,2.8,0.4,4.7,5.9,973,982,9.2,31,SSW,2.82
2013-01-28,2.7,0.6,6,0.3,988 ,974,9.9,33,SSW,0.46
2013-01-29,6.1,1.5,7.7,0.8,989,975,11.9,55,SSW,0
2013-01-30,4.8,4.4,6.2,4.6,981,997,18.6,54,SSW,2.51
2013-01-31,2.6,-0.6,4.2,3.7,990,995,3,23,SSW,0
